Timestamp,S04,Hum.,Pres.,Temp.
2025-04-01 13:00:00,24675.00,45.17,1013.69,28.37
2025-04-01 15:00:00,24675.95,37.04,1011.57,33.41
2025-04-01 17:00:00,24676.00,37.26,1010.26,31.13
2025-04-01 19:00:00,24676.64,41.91,1009.54,28.28
2025-04-01 21:00:00,24677.00,45.88,1009.84,26.78
2025-04-01 23:00:00,24676.05,48.90,1009.79,26.09
2025-04-02 01:00:00,24675.67,51.75,1008.88,25.47
2025-04-02 03:00:00,24675.11,55.43,1008.16,24.55
2025-04-02 05:00:00,24675.00,58.30,1007.34,23.98
2025-04-02 07:00:00,24675.00,60.04,1008.02,23.47
2025-04-02 09:00:00,24675.00,60.94,1008.74,23.58
2025-04-02 11:00:00,24675.00,61.61,1008.82,23.94
2025-04-02 13:00:00,24675.00,62.16,1008.14,24.02
2025-04-02 15:00:00,24675.04,63.30,1007.09,23.58
2025-04-02 17:00:00,24675.00,64.30,1006.68,23.24
2025-04-02 19:00:00,24675.00,64.96,1006.76,23.09
2025-04-02 21:00:00,24675.00,65.44,1007.32,23.05
2025-04-02 23:00:00,24675.00,66.07,1008.06,22.77
2025-04-03 01:00:00,24675.00,66.53,1008.05,22.59
2025-04-03 03:00:00,24675.00,67.01,1008.00,22.48
2025-04-03 05:00:00,24675.00,67.64,1008.58,22.52
2025-04-03 07:00:00,24675.00,68.12,1009.45,22.50
2025-04-03 09:00:00,24675.31,69.16,1010.54,22.94
2025-04-03 11:00:00,24674.64,75.23,1011.36,23.69
2025-04-03 13:00:00,24674.40,73.13,1010.98,26.23
2025-04-03 15:00:00,24675.09,69.68,1010.16,30.81
2025-04-03 17:00:00,24676.00,67.50,1010.35,35.08
2025-04-03 19:00:00,24676.57,68.88,1011.53,27.99
2025-04-03 21:00:00,24676.70,70.02,1013.25,25.19
2025-04-03 23:00:00,24675.25,70.73,1015.58,23.12
2025-04-04 01:00:00,24675.00,71.09,1018.38,20.43
2025-04-04 03:00:00,24675.00,70.09,1020.48,17.92
2025-04-04 05:00:00,24675.00,64.14,1021.76,16.27
2025-04-04 07:00:00,24674.86,60.84,1023.44,14.76
2025-04-04 09:00:00,24674.00,59.10,1024.49,15.60
2025-04-04 11:00:00,24674.82,54.41,1024.88,19.24
2025-04-04 13:00:00,24675.00,46.16,1024.07,23.41
2025-04-04 15:00:00,24675.27,38.49,1022.69,28.04
2025-04-04 17:00:00,24676.00,32.18,1021.96,31.24
2025-04-04 19:00:00,24676.00,35.49,1022.31,23.08
2025-04-04 21:00:00,24675.45,41.00,1023.14,19.95
2025-04-04 23:00:00,24675.00,44.38,1023.85,18.07
2025-04-05 01:00:00,24675.00,47.09,1024.06,16.54
2025-04-05 03:00:00,24674.81,49.03,1023.89,15.18
2025-04-05 05:00:00,24674.46,50.78,1024.17,14.01
2025-04-05 07:00:00,24674.63,52.55,1025.07,13.03
2025-04-05 09:00:00,24674.00,53.06,1025.41,14.59
2025-04-05 11:00:00,24674.50,49.13,1024.50,19.72
2025-04-05 13:00:00,24675.00,42.29,1021.88,26.22
2025-04-05 15:00:00,24675.71,36.18,1019.52,31.06
2025-04-05 17:00:00,24677.00,29.15,1018.14,35.42
2025-04-05 19:00:00,24676.57,34.73,1018.02,27.27
2025-04-05 21:00:00,24676.00,41.27,1018.78,24.09
2025-04-05 23:00:00,24675.17,46.30,1018.61,22.00
2025-04-06 01:00:00,24675.00,50.24,1018.27,20.33
2025-04-06 03:00:00,24675.00,52.74,1017.78,19.36
2025-04-06 05:00:00,24675.00,53.91,1017.37,18.76
2025-04-06 07:00:00,24675.00,55.19,1017.68,18.40
2025-04-06 09:00:00,24675.00,55.48,1017.91,20.38
2025-04-06 11:00:00,24675.00,51.17,1017.54,25.17
2025-04-06 13:00:00,24675.45,44.92,1016.01,29.36
2025-04-06 15:00:00,24676.12,39.99,1014.01,32.23
2025-04-06 17:00:00,24676.10,39.09,1013.10,29.56
2025-04-06 19:00:00,24676.81,40.28,1013.35,27.75
2025-04-06 21:00:00,24675.29,43.17,1013.33,25.53
2025-04-06 23:00:00,24675.00,44.59,1013.05,24.30
2025-04-07 01:00:00,24675.00,50.46,1013.32,22.75
2025-04-07 03:00:00,24675.00,55.03,1012.48,21.43
2025-04-07 05:00:00,24675.00,58.75,1012.06,20.90
2025-04-07 07:00:00,24675.00,61.97,1011.47,20.45
2025-04-07 09:00:00,24675.00,63.86,1010.99,20.46
2025-04-07 11:00:00,24674.70,64.84,1010.73,20.58
2025-04-07 13:00:00,24674.87,65.39,1009.09,20.74
2025-04-07 15:00:00,24675.00,66.29,1008.02,20.93
2025-04-07 17:00:00,24675.00,66.85,1007.23,20.91
2025-04-07 19:00:00,24675.00,67.28,1007.20,20.55
2025-04-07 21:00:00,24674.75,67.81,1007.57,20.47
2025-04-07 23:00:00,24675.00,68.40,1007.54,20.70
2025-04-08 01:00:00,24675.00,68.84,1007.19,20.86
2025-04-08 03:00:00,24675.00,68.91,1006.56,20.77
2025-04-08 05:00:00,24675.00,68.82,1006.56,20.25
2025-04-08 07:00:00,24675.00,68.64,1007.28,20.10
2025-04-08 09:00:00,24675.00,68.58,1008.30,20.34
2025-04-08 11:00:00,24675.00,67.01,1008.41,22.18
2025-04-08 13:00:00,24674.67,63.69,1007.89,24.09
2025-04-08 15:00:00,24674.59,60.36,1007.45,24.79
2025-04-08 17:00:00,24674.73,59.42,1007.29,25.05
2025-04-08 19:00:00,24674.90,61.29,1007.66,23.64
2025-04-08 21:00:00,24675.00,63.24,1008.23,22.96
2025-04-08 23:00:00,24675.00,64.47,1008.22,22.79
2025-04-09 01:00:00,24675.00,65.60,1008.09,22.53
2025-04-09 03:00:00,24675.00,66.59,1008.16,22.27
2025-04-09 05:00:00,24675.00,67.31,1008.50,22.15
2025-04-09 07:00:00,24675.00,67.76,1009.14,22.23
2025-04-09 09:00:00,24675.00,67.65,1010.31,22.87
2025-04-09 11:00:00,24674.85,65.14,1010.41,25.10
2025-04-09 13:00:00,24674.65,59.71,1009.48,27.42
2025-04-09 15:00:00,24675.43,53.16,1008.52,29.61
2025-04-09 17:00:00,24675.92,51.63,1008.41,28.55
2025-04-09 19:00:00,24676.00,55.28,1008.62,26.58
2025-04-09 21:00:00,24675.60,58.01,1009.24,25.71
2025-04-09 23:00:00,24675.10,60.16,1009.62,24.40
2025-04-10 01:00:00,24675.00,61.68,1009.72,23.27
2025-04-10 03:00:00,24675.00,62.73,1009.53,22.79
2025-04-10 05:00:00,24674.72,63.42,1009.50,22.48
2025-04-10 07:00:00,24674.88,64.13,1009.88,21.99
2025-04-10 09:00:00,24675.00,63.56,1010.39,23.45
2025-04-10 11:00:00,24674.28,60.52,1010.28,26.78
2025-04-10 13:00:00,24675.00,54.15,1009.32,29.38
2025-04-10 15:00:00,24676.00,47.55,1007.73,31.68
2025-04-10 17:00:00,24675.67,46.06,1007.23,30.71
2025-04-10 19:00:00,24676.10,50.32,1007.35,28.52
2025-04-10 21:00:00,24676.83,52.86,1008.02,27.21
2025-04-10 23:00:00,24675.50,55.07,1008.45,25.76
2025-04-11 01:00:00,24675.00,56.77,1008.48,24.62
2025-04-11 03:00:00,24675.00,57.91,1008.57,24.30
2025-04-11 05:00:00,24675.00,61.32,1008.07,23.37
2025-04-11 07:00:00,24674.00,60.61,1008.75,23.24
2025-04-11 09:00:00,24674.71,59.27,1009.53,24.18
2025-04-11 11:00:00,24675.00,56.77,1009.55,27.04
2025-04-11 13:00:00,24675.21,49.67,1008.18,31.48
2025-04-11 15:00:00,24675.75,39.52,1006.47,33.92
2025-04-11 17:00:00,24676.00,36.76,1005.73,34.94
2025-04-11 19:00:00,24676.67,41.73,1006.17,30.32
2025-04-11 21:00:00,24677.00,47.02,1006.96,28.03
2025-04-11 23:00:00,24676.12,50.15,1007.18,26.68
2025-04-12 01:00:00,24675.89,52.15,1007.13,26.24
2025-04-12 03:00:00,24675.00,54.71,1006.74,24.76
2025-04-12 05:00:00,24674.64,56.54,1006.22,23.82
2025-04-12 07:00:00,24674.00,57.64,1007.47,23.58
2025-04-12 09:00:00,24674.89,57.46,1008.32,25.50
2025-04-12 11:00:00,24675.25,54.55,1008.21,28.59
2025-04-12 13:00:00,24675.29,43.62,1007.48,32.37
2025-04-12 15:00:00,24676.18,36.28,1006.59,36.11
2025-04-12 17:00:00,24676.91,29.77,1006.71,39.40
2025-04-12 19:00:00,24676.38,37.77,1007.97,31.57
2025-04-12 21:00:00,24676.73,43.27,1009.33,29.37
2025-04-12 23:00:00,24676.46,48.11,1010.56,27.42
2025-04-13 01:00:00,24675.54,50.49,1011.37,25.21
2025-04-13 03:00:00,24675.00,51.93,1011.33,23.50
2025-04-13 05:00:00,24675.00,53.51,1011.47,21.86
2025-04-13 07:00:00,24674.85,54.35,1012.59,20.96
2025-04-13 09:00:00,24674.42,53.41,1013.70,21.64
2025-04-13 11:00:00,24675.00,46.23,1013.92,25.47
2025-04-13 13:00:00,24675.43,36.96,1012.81,30.35
2025-04-13 15:00:00,24675.70,28.82,1011.32,34.76
2025-04-13 17:00:00,24676.33,23.72,1011.06,37.06
2025-04-13 19:00:00,24677.00,31.34,1011.75,28.49
2025-04-13 21:00:00,24676.00,37.14,1012.26,25.14
2025-04-13 23:00:00,24675.00,39.96,1012.46,23.09
2025-04-14 01:00:00,24675.00,42.39,1012.92,21.56
2025-04-14 03:00:00,24675.00,44.48,1012.77,20.10
2025-04-14 05:00:00,24675.00,46.03,1012.85,19.00
2025-04-14 07:00:00,24675.00,47.65,1013.59,17.91
2025-04-14 09:00:00,24675.00,49.62,1014.50,18.90
2025-04-14 11:00:00,24675.33,45.48,1013.66,24.62
2025-04-14 13:00:00,24675.29,36.18,1011.31,30.27
2025-04-14 15:00:00,24676.00,29.96,1009.15,34.45
2025-04-14 17:00:00,24676.09,25.89,1008.28,36.17
2025-04-14 19:00:00,24676.81,31.19,1008.99,29.16
2025-04-14 21:00:00,24675.50,36.16,1009.02,26.04
2025-04-14 23:00:00,24675.00,38.88,1009.12,23.83
2025-04-15 01:00:00,24675.00,42.70,1009.17,21.64
2025-04-15 03:00:00,24675.00,45.09,1008.90,20.48
2025-04-15 05:00:00,24675.00,47.59,1008.55,19.64
2025-04-15 07:00:00,24675.00,49.84,1009.23,19.06
2025-04-15 09:00:00,24675.00,50.85,1010.54,20.48
2025-04-15 11:00:00,24675.00,47.98,1010.67,25.08
2025-04-15 13:00:00,24675.25,42.32,1009.08,30.13
2025-04-15 15:00:00,24676.00,32.21,1007.13,36.56
2025-04-15 17:00:00,24676.00,26.08,1006.55,39.84
2025-04-15 19:00:00,24676.70,33.68,1007.08,30.12
2025-04-15 21:00:00,24676.75,40.25,1008.42,25.97
2025-04-15 23:00:00,24675.57,42.42,1009.04,24.70
2025-04-16 01:00:00,24675.00,45.34,1009.31,22.96
2025-04-16 03:00:00,24675.00,47.54,1009.06,21.72
2025-04-16 05:00:00,24675.00,49.42,1008.42,20.44
2025-04-16 07:00:00,24675.00,50.78,1008.80,19.53
2025-04-16 09:00:00,24674.93,51.23,1009.97,21.44
2025-04-16 11:00:00,24675.00,48.75,1009.96,25.91
2025-04-16 13:00:00,24675.54,37.99,1008.40,31.54
2025-04-16 15:00:00,24676.00,28.19,1006.71,37.25
2025-04-16 17:00:00,24676.00,22.61,1005.69,40.97
2025-04-16 19:00:00,24676.47,31.52,1005.53,30.42
2025-04-16 21:00:00,24677.00,35.47,1005.96,28.01
2025-04-16 23:00:00,24675.64,39.46,1007.20,25.51
2025-04-17 01:00:00,24675.00,43.07,1008.00,23.41
2025-04-17 03:00:00,24675.00,45.75,1007.52,22.11
2025-04-17 05:00:00,24675.00,48.13,1007.71,20.92
2025-04-17 07:00:00,24675.00,49.61,1008.45,20.19
2025-04-17 09:00:00,24674.78,50.85,1009.12,21.72
2025-04-17 11:00:00,24675.00,47.74,1009.19,26.88
2025-04-17 13:00:00,24675.62,40.93,1007.57,31.86
2025-04-17 15:00:00,24676.64,32.09,1005.31,37.51
2025-04-17 17:00:00,24676.90,26.39,1004.08,40.51
2025-04-17 19:00:00,24676.46,33.95,1004.62,32.55
2025-04-17 21:00:00,24676.83,37.76,1005.42,30.12
2025-04-17 23:00:00,24676.00,41.38,1006.08,27.71
2025-04-18 01:00:00,24676.00,43.72,1006.32,26.54
2025-04-18 03:00:00,24675.46,46.33,1006.46,25.11
2025-04-18 05:00:00,24675.00,48.57,1006.56,24.86
2025-04-18 07:00:00,24675.00,53.42,1007.66,23.97
2025-04-18 09:00:00,24675.00,54.39,1008.70,24.22
2025-04-18 11:00:00,24675.50,51.60,1009.03,27.96
2025-04-18 13:00:00,24675.57,45.24,1007.62,33.33
2025-04-18 15:00:00,24676.73,37.16,1006.61,37.84
2025-04-18 17:00:00,24676.80,30.52,1006.76,39.98
2025-04-18 19:00:00,24676.33,38.92,1008.06,31.28
2025-04-18 21:00:00,24676.25,43.82,1009.96,28.35
2025-04-18 23:00:00,24676.00,46.76,1011.18,26.02
2025-04-19 01:00:00,24675.79,48.71,1012.05,24.62
2025-04-19 03:00:00,24675.00,50.66,1012.41,23.32
2025-04-19 05:00:00,24675.00,49.88,1012.99,22.27
2025-04-19 07:00:00,24675.00,49.83,1013.99,20.67
2025-04-19 09:00:00,24675.00,49.37,1014.98,20.77
2025-04-19 11:00:00,24675.62,44.65,1015.01,24.23
2025-04-19 13:00:00,24675.77,36.54,1013.76,28.80
2025-04-19 15:00:00,24676.00,28.05,1012.52,33.85
2025-04-19 17:00:00,24677.00,22.76,1012.12,35.37
2025-04-19 19:00:00,24676.78,29.22,1013.13,26.32
2025-04-19 21:00:00,24675.50,33.83,1014.11,22.80
2025-04-19 23:00:00,24675.09,37.38,1014.66,20.78
2025-04-20 01:00:00,24675.30,40.41,1014.34,19.29
2025-04-20 03:00:00,24675.15,42.96,1014.19,18.00
2025-04-20 05:00:00,24675.18,45.75,1013.51,16.51
2025-04-20 07:00:00,24675.57,47.72,1014.24,16.11
2025-04-20 09:00:00,24675.38,48.17,1015.09,17.70
2025-04-20 11:00:00,24675.38,43.98,1015.03,22.11
2025-04-20 13:00:00,24675.93,36.75,1013.58,26.76
2025-04-20 15:00:00,24675.83,31.51,1011.75,27.81
2025-04-20 17:00:00,24675.30,32.31,1011.31,26.33
2025-04-20 19:00:00,24675.56,35.23,1011.38,23.84
2025-04-20 21:00:00,24675.00,39.57,1012.48,22.12
2025-04-20 23:00:00,24675.00,42.44,1013.09,21.52
2025-04-21 01:00:00,24675.00,45.46,1012.39,20.44
2025-04-21 03:00:00,24675.00,47.97,1012.68,19.13
2025-04-21 05:00:00,24675.21,48.88,1011.98,18.02
2025-04-21 07:00:00,24675.40,50.58,1012.52,16.67
2025-04-21 09:00:00,24675.00,51.02,1012.98,17.58
2025-04-21 11:00:00,24675.18,45.37,1012.92,23.09
2025-04-21 13:00:00,24675.64,37.73,1011.39,28.52
2025-04-21 15:00:00,24676.75,30.10,1009.61,33.75
2025-04-21 17:00:00,24677.00,25.76,1008.86,35.32
2025-04-21 19:00:00,24676.56,31.74,1009.13,27.43
2025-04-21 21:00:00,24676.00,36.30,1009.96,24.62
2025-04-21 23:00:00,24675.00,40.52,1010.54,22.39
2025-04-22 01:00:00,24675.00,42.97,1010.65,21.00
2025-04-22 03:00:00,24675.17,45.29,1010.36,19.92
2025-04-22 05:00:00,24675.14,47.24,1010.47,18.78
2025-04-22 07:00:00,24675.00,48.86,1010.98,18.39
2025-04-22 09:00:00,24675.00,49.44,1011.36,19.25
2025-04-22 11:00:00,24675.00,46.43,1011.32,24.52
2025-04-22 13:00:00,24675.57,37.49,1009.40,30.34
2025-04-22 15:00:00,24676.00,30.01,1007.58,35.62
2025-04-22 17:00:00,24676.90,24.95,1006.52,37.59
2025-04-22 19:00:00,24677.00,31.96,1007.00,29.71
2025-04-22 21:00:00,24676.63,36.62,1007.35,26.80
2025-04-22 23:00:00,24676.00,38.70,1007.11,25.58
2025-04-23 05:00:00,24675.00,52.00,1008.08,19.25
2025-04-23 07:00:00,24675.00,50.80,1008.43,19.67
2025-04-23 09:00:00,24674.90,50.57,1008.94,21.65
2025-04-23 11:00:00,24675.00,49.23,1008.72,25.13
2025-04-23 13:00:00,24675.78,41.39,1007.17,31.27
2025-04-23 15:00:00,24675.84,30.56,1005.64,37.85
2025-04-23 17:00:00,24676.21,25.89,1005.46,38.93
2025-04-23 19:00:00,24676.90,32.31,1005.68,31.88
2025-04-23 21:00:00,24677.00,37.25,1006.11,28.79
2025-04-23 23:00:00,24676.38,41.05,1006.63,26.65
2025-04-24 01:00:00,24675.44,43.41,1007.19,25.05
2025-04-24 03:00:00,24675.00,45.25,1006.42,23.99
2025-04-24 05:00:00,24675.00,46.02,1005.37,23.70
2025-04-24 07:00:00,24675.00,47.29,1005.71,23.42
2025-04-24 09:00:00,24675.00,47.86,1006.98,24.08
2025-04-24 11:00:00,24675.00,44.98,1007.62,27.43
2025-04-24 13:00:00,24675.73,39.16,1006.71,31.92
2025-04-24 15:00:00,24676.00,35.90,1004.57,32.40
2025-04-24 17:00:00,24676.00,36.90,1003.76,31.66
2025-04-24 19:00:00,24676.44,42.68,1004.06,28.87
2025-04-24 21:00:00,24676.00,45.09,1004.57,27.66
2025-04-24 23:00:00,24676.00,47.07,1004.93,26.05
2025-04-25 01:00:00,24675.00,48.36,1004.64,24.54
2025-04-25 03:00:00,24675.00,50.99,1003.86,22.87
2025-04-25 05:00:00,24675.00,52.77,1003.65,22.16
2025-04-25 07:00:00,24675.00,53.86,1004.47,21.25
2025-04-25 09:00:00,24674.95,54.40,1005.08,22.60
2025-04-25 11:00:00,24675.08,53.30,1004.75,26.94
2025-04-25 13:00:00,24675.91,47.14,1002.84,31.20
2025-04-25 15:00:00,24676.00,40.18,1001.13,34.53
2025-04-25 17:00:00,24676.83,34.74,1000.42,36.78
2025-04-25 19:00:00,24676.24,41.11,1000.97,31.01
2025-04-25 21:00:00,24676.38,45.32,1001.48,28.76
2025-04-25 23:00:00,24676.11,48.32,1001.78,27.18
2025-04-26 01:00:00,24675.91,50.69,1002.45,25.89
2025-04-26 03:00:00,24674.90,52.67,1002.80,25.13
2025-04-26 05:00:00,24675.00,54.25,1003.16,24.18
2025-04-26 07:00:00,24675.00,55.11,1004.29,23.40
2025-04-26 09:00:00,24674.44,,,
2025-04-26 11:00:00,24675.39,,,
2025-04-26 13:00:00,24675.53,,,
2025-04-26 15:00:00,24675.82,,,
2025-04-26 17:00:00,24676.00,,,
2025-04-26 19:00:00,24676.17,44.20,1005.54,29.96
2025-04-26 21:00:00,24676.00,44.05,1006.15,28.65
2025-04-26 23:00:00,24676.00,46.73,1007.24,26.74
2025-04-27 01:00:00,24676.00,47.65,1007.86,25.67
2025-04-27 03:00:00,24674.78,48.38,1008.34,23.93
2025-04-27 05:00:00,24674.00,48.98,1009.01,22.31
2025-04-27 07:00:00,24674.33,51.17,1010.08,20.82
2025-04-27 09:00:00,24675.00,53.25,1010.90,20.70
2025-04-27 11:00:00,24675.00,50.64,1011.37,22.49
2025-04-27 13:00:00,24675.00,42.67,1010.18,25.21
2025-04-27 15:00:00,24675.59,35.37,1008.85,30.71
2025-04-27 17:00:00,24676.91,30.03,1008.68,32.43
2025-04-27 19:00:00,24675.86,36.27,1009.64,24.64
2025-04-27 21:00:00,24675.00,40.89,1010.85,21.90
2025-04-27 23:00:00,24675.23,42.55,1011.79,20.31
2025-04-28 01:00:00,24675.10,43.75,1012.44,18.82
2025-04-28 03:00:00,24675.00,47.22,1012.48,17.83
2025-04-28 05:00:00,24675.06,51.00,1012.49,16.61
2025-04-28 07:00:00,24675.38,51.75,1013.02,16.08
2025-04-28 09:00:00,24674.45,50.28,1014.05,17.40
2025-04-28 11:00:00,24675.00,47.19,1014.35,21.03
2025-04-28 13:00:00,24675.32,40.04,1013.14,25.92
2025-04-28 15:00:00,24676.38,30.96,1011.90,31.35
2025-04-28 17:00:00,24676.90,24.58,1011.04,34.74
2025-04-28 19:00:00,24676.55,31.17,1011.14,25.87
2025-04-28 21:00:00,24676.00,35.90,1011.73,22.87
2025-04-28 23:00:00,24675.17,39.12,1012.11,20.96
2025-04-29 01:00:00,24675.21,41.27,1012.11,19.46
2025-04-29 03:00:00,24675.00,44.67,1011.79,17.54
2025-04-29 05:00:00,24675.42,47.34,1011.77,16.81
2025-04-29 07:00:00,24675.90,49.45,1012.55,15.89
2025-04-29 09:00:00,24675.00,50.41,1013.50,17.77
2025-04-29 11:00:00,24675.06,46.32,1013.66,22.16
2025-04-29 13:00:00,24675.68,38.03,1012.35,27.10
2025-04-29 15:00:00,24676.67,29.39,1010.62,32.79
2025-04-29 17:00:00,24676.89,23.58,1010.18,35.75
2025-04-29 19:00:00,24676.64,30.95,1010.62,26.54
2025-04-29 21:00:00,24675.83,33.84,1011.25,24.26
2025-04-29 23:00:00,24675.26,38.44,1011.87,21.33
2025-04-30 01:00:00,24675.00,41.36,1011.50,19.88
2025-04-30 03:00:00,24675.00,44.16,1011.49,18.05
2025-04-30 05:00:00,24675.33,46.51,1011.34,16.75
2025-04-30 07:00:00,24676.00,48.13,1011.79,15.92
2025-04-30 09:00:00,24675.21,48.93,1012.61,17.57
2025-04-30 11:00:00,24675.00,45.68,1012.67,22.58
2025-05-01 13:00:00,24675.63,38.77,1009.90,28.34
2025-05-01 15:00:00,24676.22,30.04,1007.92,33.83
2025-05-01 17:00:00,24676.77,24.13,1006.79,36.37
2025-05-01 19:00:00,24677.00,31.18,1007.49,27.85
2025-05-01 21:00:00,24676.44,35.87,1008.04,25.68
2025-05-01 23:00:00,24675.00,39.45,1008.80,24.06
2025-05-02 01:00:00,24675.09,41.95,1009.02,23.11
2025-05-02 03:00:00,24675.00,46.29,1008.59,22.05
2025-05-02 05:00:00,24675.00,51.25,1009.17,21.61
2025-05-02 07:00:00,24675.00,54.59,1010.17,21.45
2025-05-02 09:00:00,24675.00,56.14,1011.65,21.96
2025-05-02 11:00:00,24674.90,56.18,1012.43,23.34
2025-05-02 13:00:00,24674.50,51.75,1011.39,27.20
2025-05-02 15:00:00,24675.86,42.99,1010.51,32.32
2025-05-02 17:00:00,24676.00,36.61,1010.30,34.22
2025-05-02 19:00:00,24676.60,44.35,1010.84,27.64
2025-05-02 21:00:00,24676.00,48.59,1011.90,25.43
2025-05-02 23:00:00,24675.21,51.31,1012.62,24.10
2025-05-03 01:00:00,24675.00,53.37,1012.56,22.86
2025-05-03 03:00:00,24675.00,54.86,1011.82,21.63
2025-05-03 05:00:00,24675.11,56.02,1011.76,20.62
2025-05-03 07:00:00,24675.00,57.00,1012.89,19.57
2025-05-03 09:00:00,24674.92,57.52,1013.98,20.87
2025-05-03 11:00:00,24675.00,56.10,1014.37,24.64
2025-05-03 13:00:00,24675.37,49.59,1012.94,28.83
2025-05-03 15:00:00,24676.00,39.23,1011.34,33.45
2025-05-03 17:00:00,24676.47,32.90,1010.41,35.96
2025-05-03 19:00:00,24677.00,38.64,1010.32,29.68
2025-05-03 21:00:00,24676.75,42.74,1010.50,26.97
2025-05-03 23:00:00,24675.61,46.67,1010.58,25.05
2025-05-04 01:00:00,24675.00,49.23,1010.24,23.36
2025-05-04 03:00:00,24675.00,50.97,1010.12,22.13
2025-05-04 05:00:00,24675.00,52.81,1010.09,21.29
2025-05-04 07:00:00,24675.00,54.40,1010.73,20.42
2025-05-04 09:00:00,24674.73,54.54,1011.23,21.70
2025-05-04 11:00:00,24675.00,50.58,1011.09,26.24
2025-05-04 13:00:00,24675.83,41.08,1009.38,32.31
2025-05-04 15:00:00,24676.29,32.49,1007.88,37.36
2025-05-04 17:00:00,24677.00,28.22,1007.49,38.38
2025-05-04 19:00:00,24677.00,35.14,1008.38,31.60
2025-05-04 21:00:00,24676.37,40.65,1009.22,29.34
2025-05-04 23:00:00,24676.00,42.95,1009.54,28.19
2025-05-05 01:00:00,24676.00,45.18,1009.12,26.36
2025-05-05 03:00:00,24675.35,48.14,1008.58,24.95
2025-05-05 05:00:00,24675.00,50.06,1008.75,24.69
2025-05-05 07:00:00,24675.00,51.56,1009.49,24.15
2025-05-05 09:00:00,24674.94,51.98,1010.39,25.16
2025-05-05 11:00:00,24675.32,49.43,1010.72,28.33
2025-05-05 13:00:00,24676.00,44.68,1009.35,32.57
2025-05-05 15:00:00,24676.00,40.79,1008.10,34.81
2025-05-05 17:00:00,24676.33,35.92,1007.69,37.34
2025-05-05 19:00:00,24676.00,44.42,1008.30,30.26
2025-05-05 21:00:00,24676.00,48.79,1009.56,28.09
2025-05-05 23:00:00,24676.00,50.77,1009.51,26.92
2025-05-06 01:00:00,24675.71,52.77,1008.76,25.35
2025-05-06 03:00:00,24675.00,54.62,1008.03,25.12
2025-05-06 05:00:00,24674.32,55.37,1007.14,24.43
2025-05-06 07:00:00,24674.50,56.39,1007.62,23.85
2025-05-06 09:00:00,24674.81,56.49,1008.15,25.06
2025-05-06 11:00:00,24675.52,53.48,1007.96,28.44
2025-05-06 13:00:00,24676.00,54.64,1007.13,27.56
2025-05-06 15:00:00,24676.00,58.16,1004.53,29.13
2025-05-06 17:00:00,24676.00,50.98,1004.13,32.36
2025-05-06 19:00:00,24676.00,56.94,1005.53,27.07
2025-05-06 21:00:00,24675.88,58.63,1006.65,25.36
2025-05-06 23:00:00,24675.00,60.23,1006.81,24.60
2025-05-07 01:00:00,24674.90,60.91,1005.67,24.31
2025-05-07 03:00:00,24674.71,61.74,1005.01,24.06
2025-05-07 05:00:00,24674.94,62.63,1004.67,23.66
2025-05-07 07:00:00,24675.00,63.36,1004.76,23.40
2025-05-07 09:00:00,24674.68,63.22,1005.55,24.35
2025-05-07 11:00:00,24674.83,59.96,1005.40,26.43
2025-05-07 13:00:00,24675.60,56.41,1003.88,28.99
2025-05-07 15:00:00,24675.35,50.18,1001.72,32.43
2025-05-07 17:00:00,24676.00,50.55,1001.03,31.17
2025-05-07 19:00:00,24676.00,58.04,1001.58,28.41
2025-05-07 21:00:00,24675.83,60.72,1002.14,28.02
2025-05-07 23:00:00,24675.68,62.44,1002.41,27.16
2025-05-08 01:00:00,24675.63,62.98,1002.18,26.12
2025-05-08 03:00:00,24675.17,65.63,1001.41,25.54
2025-05-08 05:00:00,24675.08,65.92,1000.33,25.27
2025-05-08 07:00:00,24675.00,66.96,1000.31,24.84
2025-05-08 09:00:00,24674.92,68.07,1001.32,24.83
2025-05-08 11:00:00,24674.10,68.62,1000.79,25.34
2025-05-08 13:00:00,24674.00,69.05,1000.80,25.36
2025-05-08 15:00:00,24674.00,69.49,999.20,25.09
2025-05-08 17:00:00,24674.00,69.57,999.09,24.86
2025-05-08 19:00:00,24674.00,69.60,999.26,24.50
2025-05-08 21:00:00,24674.00,69.68,1000.69,24.31
2025-05-08 23:00:00,24674.07,69.59,1000.00,23.79
2025-05-09 01:00:00,24674.18,69.82,1000.39,23.51
2025-05-09 03:00:00,24674.00,70.39,1000.04,23.68
2025-05-09 05:00:00,24674.00,70.75,1000.10,23.46
2025-05-09 07:00:00,24674.09,70.37,1002.14,22.82
2025-05-09 09:00:00,24674.00,69.42,1004.30,22.86
2025-05-09 11:00:00,24674.00,67.65,1006.08,23.69
2025-05-09 13:00:00,24674.00,63.76,1005.70,26.59
2025-05-09 15:00:00,24674.89,55.32,1005.83,30.29
2025-05-09 17:00:00,24675.84,51.68,1007.09,28.46
2025-05-09 19:00:00,24675.05,55.00,1009.02,25.31
2025-05-09 21:00:00,24674.56,57.37,1010.57,23.77
2025-05-09 23:00:00,24674.68,59.74,1011.79,22.44
2025-05-10 01:00:00,24675.00,61.29,1012.42,21.64
2025-05-10 03:00:00,24675.00,62.45,1012.83,20.61
2025-05-10 05:00:00,24674.77,62.72,1013.56,19.55
2025-05-10 07:00:00,24674.47,63.24,1014.96,18.62
2025-05-10 09:00:00,24674.86,63.10,1017.20,19.42
2025-05-10 11:00:00,24674.86,59.92,1018.28,23.13
2025-05-10 13:00:00,24674.88,51.18,1017.36,27.68
2025-05-10 15:00:00,24675.43,40.59,1016.13,32.94
2025-05-10 17:00:00,24676.26,33.87,1016.05,34.59
2025-05-10 19:00:00,24676.62,41.40,1016.74,27.18
2025-05-10 21:00:00,24675.16,47.81,1017.67,24.42
2025-05-10 23:00:00,24675.00,52.35,1018.24,22.90
2025-05-11 01:00:00,24675.00,54.17,1018.23,21.49
2025-05-11 03:00:00,24675.00,55.35,1018.12,20.28
2025-05-11 05:00:00,24674.72,56.14,1018.37,19.02
2025-05-11 07:00:00,24674.91,56.73,1019.64,17.81
2025-05-11 09:00:00,24675.00,57.41,1021.13,18.48
2025-05-11 11:00:00,24675.00,54.91,1021.54,22.04
2025-05-11 13:00:00,24675.00,47.94,1020.30,27.34
2025-05-11 15:00:00,24675.48,37.54,1018.62,33.57
2025-05-11 17:00:00,24676.48,31.69,1017.98,34.47
2025-05-11 19:00:00,24675.88,38.44,1018.24,25.84
2025-05-11 21:00:00,24675.00,42.65,1018.80,22.87
2025-05-11 23:00:00,24675.00,45.70,1018.79,20.56
2025-05-12 01:00:00,24675.00,48.34,1018.18,19.09
2025-05-12 03:00:00,24674.90,50.92,1017.38,17.71
2025-05-12 05:00:00,24675.00,52.81,1017.13,16.85
2025-05-12 07:00:00,24674.11,54.36,1017.64,15.68
2025-05-12 09:00:00,24674.00,55.62,1018.53,16.55
2025-05-12 11:00:00,24674.62,54.25,1018.39,20.62
2025-05-12 13:00:00,24675.00,47.48,1016.38,26.43
2025-05-12 15:00:00,24675.32,38.86,1013.86,31.93
2025-05-12 17:00:00,24675.94,33.60,1013.17,32.59
2025-05-12 19:00:00,24675.45,42.75,1013.29,25.16
2025-05-12 21:00:00,24675.00,48.10,1013.78,23.22
2025-05-12 23:00:00,24675.00,50.98,1014.03,21.57
2025-05-13 01:00:00,24675.00,53.05,1013.56,20.24
2025-05-13 03:00:00,24674.61,54.83,1013.49,19.45
2025-05-13 05:00:00,24674.65,56.21,1012.96,18.52
2025-05-13 07:00:00,24675.00,57.35,1013.47,17.65
2025-05-13 09:00:00,24674.70,57.77,1013.91,18.67
2025-05-13 11:00:00,24675.00,55.57,1013.70,22.65
2025-05-13 13:00:00,24675.00,46.62,1011.82,28.82
2025-05-13 15:00:00,24675.85,38.07,1010.14,32.49
2025-05-13 17:00:00,24676.20,33.49,1009.28,34.34
2025-05-13 19:00:00,24676.67,41.87,1009.33,27.51
2025-05-13 21:00:00,24675.00,46.47,1009.81,25.22
2025-05-13 23:00:00,24675.00,49.87,1010.11,23.87
2025-05-14 01:00:00,24675.00,52.78,1009.97,22.70
2025-05-14 03:00:00,24675.00,54.34,1010.12,22.17
2025-05-14 05:00:00,24675.00,56.17,1010.30,21.46
2025-05-14 07:00:00,24675.00,57.87,1011.61,21.36
2025-05-14 09:00:00,24674.70,58.95,1012.80,22.22
2025-05-14 11:00:00,24674.73,57.29,1013.33,25.89
2025-05-14 13:00:00,24675.07,52.52,1012.30,30.46
2025-05-14 15:00:00,24676.00,47.88,1011.13,33.12
2025-05-14 17:00:00,24676.00,45.70,1010.91,32.97
2025-05-14 19:00:00,24676.00,50.61,1011.20,29.69
2025-05-14 21:00:00,24676.00,53.99,1012.11,28.27
2025-05-14 23:00:00,24675.33,56.52,1012.47,26.99
2025-05-15 01:00:00,24675.00,58.12,1012.44,26.01
2025-05-15 03:00:00,24675.00,59.29,1012.01,25.02
2025-05-15 05:00:00,24674.92,60.22,1011.58,24.19
2025-05-15 07:00:00,24675.00,61.22,1011.53,23.18
2025-05-15 09:00:00,24674.31,61.43,1011.94,23.78
2025-05-15 11:00:00,24674.36,58.75,1011.77,27.46
2025-05-15 13:00:00,24675.93,53.24,1010.12,29.54
2025-05-15 15:00:00,24675.71,47.86,1008.49,32.31
2025-05-15 17:00:00,24675.83,41.37,1007.64,34.38
2025-05-15 19:00:00,24676.00,47.96,1008.26,28.67
2025-05-15 21:00:00,24675.12,51.26,1009.70,26.80
2025-05-15 23:00:00,24675.00,52.85,1010.62,25.43
2025-05-16 01:00:00,24675.00,54.90,1010.83,24.24
2025-05-16 03:00:00,24674.89,56.38,1010.49,23.44
2025-05-16 05:00:00,24675.00,57.49,1010.24,22.59
2025-05-16 07:00:00,24675.00,58.25,1010.73,21.77
2025-05-16 09:00:00,24674.38,57.83,1011.70,23.30
2025-05-16 11:00:00,24674.18,54.47,1011.16,25.72
2025-05-16 13:00:00,24675.25,48.14,1009.46,29.41
2025-05-16 15:00:00,24675.94,43.01,1007.95,32.16
2025-05-16 17:00:00,24676.00,42.94,1007.35,31.29
2025-05-16 19:00:00,24676.00,48.42,1007.76,27.82
2025-05-16 21:00:00,24675.42,51.06,1008.07,26.30
2025-05-16 23:00:00,24675.00,53.09,1008.64,24.98
2025-05-17 01:00:00,24675.00,55.00,1007.77,23.66
2025-05-17 03:00:00,24675.00,57.01,1006.61,22.95
2025-05-17 05:00:00,24675.00,58.66,1005.38,22.46
2025-05-17 07:00:00,24675.00,60.56,1005.45,22.02
2025-05-17 09:00:00,24674.89,61.09,1005.99,22.96
2025-05-17 11:00:00,24674.00,58.68,1005.51,26.11
2025-05-17 13:00:00,24674.83,53.77,1003.58,29.79
2025-05-17 15:00:00,24675.50,46.02,1001.39,34.07
2025-05-17 17:00:00,24676.09,41.00,1000.75,34.77
2025-05-17 19:00:00,24676.00,47.13,1001.26,30.63
2025-05-17 21:00:00,24675.55,50.85,1001.58,28.82
2025-05-17 23:00:00,24675.06,54.94,1001.70,27.52
2025-05-18 01:00:00,24675.00,56.76,1001.71,26.85
2025-05-18 03:00:00,24674.96,58.03,1001.14,26.29
2025-05-18 05:00:00,24674.55,60.28,1001.97,24.92
2025-05-18 07:00:00,24674.00,62.56,1006.62,21.71
2025-05-18 09:00:00,24674.63,62.68,1007.95,21.64
2025-05-18 11:00:00,24675.00,63.25,1008.92,22.22
2025-05-18 13:00:00,24674.59,61.01,1009.11,24.25
2025-05-18 15:00:00,24674.68,54.95,1008.82,28.10
2025-05-18 17:00:00,24675.00,49.40,1009.82,28.09
2025-05-18 19:00:00,24675.00,55.37,1010.96,22.90
2025-05-18 21:00:00,24675.00,56.33,1011.76,21.63
2025-05-18 23:00:00,24675.00,57.47,1012.44,20.62
2025-05-19 01:00:00,24674.88,58.83,1012.17,20.17
2025-05-19 03:00:00,24675.00,60.48,1011.52,19.26
2025-05-19 05:00:00,24675.00,61.56,1011.07,18.88
2025-05-19 07:00:00,24674.57,62.62,1012.11,18.23
2025-05-19 09:00:00,24674.78,63.17,1012.52,18.84
2025-05-19 11:00:00,24674.00,62.89,1012.89,20.04
2025-05-19 13:00:00,24674.00,60.94,1010.78,22.82
2025-05-19 15:00:00,24674.10,57.26,1009.94,24.87
2025-05-19 17:00:00,24674.00,55.83,1009.88,24.84
2025-05-19 19:00:00,24674.25,58.43,1010.89,23.37
2025-05-19 21:00:00,24674.75,60.19,1011.82,22.80
2025-05-19 23:00:00,24674.08,61.34,1012.34,22.39
2025-05-20 01:00:00,24674.58,61.71,1013.09,21.96
2025-05-20 03:00:00,24674.00,61.98,1012.99,21.57
2025-05-20 05:00:00,24674.58,63.01,1012.77,20.96
2025-05-20 07:00:00,24674.62,63.89,1014.14,20.07
2025-05-20 09:00:00,24675.00,64.46,1015.41,20.21
2025-05-20 11:00:00,24674.00,62.43,1015.83,21.35
2025-05-20 13:00:00,24674.17,60.35,1015.26,21.37
2025-05-20 15:00:00,24674.00,56.06,1014.30,24.32
2025-05-20 17:00:00,24674.82,45.33,1013.99,27.94
2025-05-20 19:00:00,24675.00,51.09,1014.46,20.92
2025-05-20 21:00:00,24675.00,53.05,1015.67,19.24
2025-05-20 23:00:00,24675.00,53.29,1016.57,18.10
2025-05-21 01:00:00,24674.29,55.14,1016.21,16.60
2025-05-21 03:00:00,24674.00,56.70,1015.04,15.80
2025-05-21 05:00:00,24673.55,57.46,1014.97,15.85
2025-05-21 07:00:00,24673.60,57.15,1015.79,15.81
2025-05-21 09:00:00,24673.60,56.64,1016.53,16.22
2025-05-21 11:00:00,24673.78,53.35,1016.74,18.77
2025-05-21 13:00:00,24674.22,48.26,1015.85,21.42
2025-05-21 15:00:00,24674.71,44.42,1014.16,22.97
2025-05-21 17:00:00,24674.73,43.37,1013.91,22.73
2025-05-21 19:00:00,24675.00,46.98,1014.64,20.63
2025-05-21 21:00:00,24675.00,47.71,1015.45,19.00
2025-05-21 23:00:00,24675.00,48.26,1015.78,18.02
2025-05-22 01:00:00,24674.69,49.83,1015.60,16.68
2025-05-22 03:00:00,24674.00,51.77,1015.23,15.37
2025-05-22 05:00:00,24674.00,53.22,1015.61,14.29
2025-05-22 07:00:00,24674.00,54.19,1016.82,13.61
2025-05-22 09:00:00,24673.10,55.38,1017.85,14.32
2025-05-22 11:00:00,24673.58,52.68,1018.70,18.75
2025-05-22 13:00:00,24674.91,45.48,1017.25,24.37
2025-05-22 15:00:00,24675.00,35.98,1015.70,30.45
2025-05-22 17:00:00,24675.54,28.09,1015.28,32.39
2025-05-22 19:00:00,24675.00,36.33,1016.05,22.62
2025-05-22 21:00:00,24675.00,41.18,1017.12,19.70
2025-05-22 23:00:00,24675.00,44.87,1017.47,18.37
2025-05-23 01:00:00,24674.00,48.11,1017.23,16.73
2025-05-23 03:00:00,24674.00,50.14,1016.77,15.49
2025-05-23 05:00:00,24674.00,52.08,1016.50,14.72
2025-05-23 07:00:00,24674.00,54.11,1017.07,13.75
2025-05-23 09:00:00,24673.11,54.99,1017.74,14.14
2025-05-23 11:00:00,24673.65,53.07,1017.47,18.17
2025-05-23 13:00:00,24674.65,46.16,1015.55,23.93
2025-05-23 15:00:00,24675.00,36.58,1013.24,30.51
2025-05-23 17:00:00,24675.46,29.05,1012.25,33.14
2025-05-23 19:00:00,24675.00,37.60,1012.55,23.82
2025-05-23 21:00:00,24675.00,42.77,1012.94,21.20
2025-05-23 23:00:00,24675.00,46.89,1013.01,19.55
2025-05-24 01:00:00,24675.00,50.33,1013.31,18.73
2025-05-24 03:00:00,24675.00,53.61,1012.75,18.34
2025-05-24 05:00:00,24675.00,56.80,1012.10,18.06
2025-05-24 07:00:00,24674.91,59.36,1011.94,17.86
2025-05-24 09:00:00,24674.85,61.54,1012.82,17.76
2025-05-24 11:00:00,24674.50,63.02,1014.00,17.81
2025-05-24 13:00:00,24674.89,64.26,1013.32,18.25
2025-05-24 15:00:00,24675.00,65.86,1012.10,18.99
2025-05-24 17:00:00,24675.00,66.66,1011.31,20.00
2025-05-24 19:00:00,24675.00,66.72,1012.50,20.06
2025-05-24 21:00:00,24675.00,67.04,1012.97,19.50
2025-05-24 23:00:00,24675.00,67.44,1012.53,18.74
2025-05-25 01:00:00,24675.00,67.48,1013.21,18.79
2025-05-25 03:00:00,24675.00,67.64,1012.64,18.95
2025-05-25 05:00:00,,68.00,1011.60,18.85
2025-05-25 07:00:00,24675.00,67.65,1011.23,19.19
2025-05-25 09:00:00,,67.14,1012.04,20.05
2025-05-25 11:00:00,24674.00,66.07,1011.82,21.81
2025-05-25 13:00:00,24674.00,63.06,1010.14,23.45
2025-05-25 15:00:00,24674.00,62.88,1008.58,23.15
2025-05-25 17:00:00,24674.00,65.05,1008.54,22.76
2025-05-25 19:00:00,24674.00,66.23,1008.72,22.28
2025-05-25 21:00:00,24674.00,67.53,1008.95,22.08
2025-05-25 23:00:00,24674.00,68.67,1008.91,22.04
2025-05-26 01:00:00,24674.00,69.39,1008.89,21.93
2025-05-26 03:00:00,24674.00,69.69,1008.64,21.76
2025-05-26 05:00:00,24674.00,69.37,1007.50,21.66
2025-05-26 07:00:00,24674.00,69.33,1006.53,21.60
2025-05-26 09:00:00,24674.00,68.76,1008.12,21.70
2025-05-26 11:00:00,24674.00,68.74,1007.81,22.18
2025-05-26 13:00:00,24674.00,67.98,1006.65,22.99
2025-05-26 15:00:00,24674.00,68.10,1005.33,22.63
2025-05-26 17:00:00,24674.00,68.40,1004.57,22.00
2025-05-26 19:00:00,24674.00,69.42,1004.65,21.61
2025-05-26 21:00:00,24674.00,68.51,1003.69,21.79
2025-05-26 23:00:00,24674.00,68.12,1002.47,21.66
2025-05-27 01:00:00,,67.23,1000.73,21.55
2025-05-27 03:00:00,,68.44,1001.93,20.92
2025-05-27 05:00:00,24674.00,69.29,996.64,20.61
2025-05-27 07:00:00,24674.00,69.28,998.89,20.66
2025-05-27 09:00:00,24674.00,70.17,999.84,20.40
2025-05-27 11:00:00,24674.00,70.05,1001.03,20.90
2025-05-27 13:00:00,,70.31,1001.57,21.34
2025-05-27 15:00:00,,70.58,1001.47,21.52
2025-05-27 17:00:00,24674.00,70.26,1003.14,19.06
2025-05-27 19:00:00,24674.00,69.69,1005.41,17.55
2025-05-27 21:00:00,,69.11,1006.65,16.86
2025-05-27 23:00:00,24674.00,68.62,1007.91,16.51
2025-05-28 01:00:00,24673.00,68.43,1009.34,15.35
2025-05-28 03:00:00,24673.00,66.56,1009.63,14.99
2025-05-28 05:00:00,24673.00,67.02,1010.66,14.12
2025-05-28 07:00:00,24673.00,66.77,1012.19,13.69
2025-05-28 09:00:00,24673.00,65.36,1014.97,13.90
2025-05-28 11:00:00,,65.18,1016.07,13.99
2025-05-28 13:00:00,24673.00,61.37,1016.73,15.50
2025-05-28 15:00:00,24674.00,57.67,1016.80,16.02
2025-05-28 17:00:00,24673.75,56.38,1017.36,15.50
2025-05-28 19:00:00,,56.00,1018.29,14.58
2025-05-28 21:00:00,,57.43,1019.23,13.08
2025-05-28 23:00:00,,58.81,1020.32,12.00
2025-05-29 01:00:00,,59.84,1020.43,11.37
2025-05-29 03:00:00,,61.15,1019.84,10.65
2025-05-29 05:00:00,,61.51,1019.81,10.28
2025-05-29 07:00:00,24673.00,62.47,1020.69,9.59
2025-05-29 09:00:00,24673.00,62.69,1021.53,11.18
2025-05-29 11:00:00,24673.71,61.83,1022.21,14.28
2025-05-29 13:00:00,24673.00,54.48,1021.28,18.49
2025-05-29 15:00:00,24674.00,48.07,1019.65,20.86
2025-05-29 17:00:00,24674.40,40.12,1019.26,24.42
2025-05-29 19:00:00,24674.00,45.40,1019.58,16.94
2025-05-29 21:00:00,24674.00,50.01,1019.75,14.95
2025-05-29 23:00:00,24673.78,52.55,1019.77,13.67
2025-05-30 01:00:00,24673.67,55.00,1019.65,12.64
2025-05-30 03:00:00,24674.00,56.84,1019.58,12.07
2025-05-30 05:00:00,,58.85,1018.89,11.16
2025-05-30 07:00:00,24673.57,59.90,1019.13,10.46
2025-05-30 09:00:00,24673.57,60.50,1019.68,10.89
2025-05-30 11:00:00,24673.55,59.46,1019.57,15.04
2025-05-30 13:00:00,24673.43,53.30,1017.91,18.64
2025-05-30 15:00:00,,45.35,1016.34,22.37
2025-05-30 17:00:00,24675.00,38.22,1015.27,23.81
2025-05-30 19:00:00,24674.33,44.82,1015.81,17.96
2025-05-30 21:00:00,24674.00,48.78,1016.37,16.16
2025-05-30 23:00:00,24674.00,52.08,1016.25,14.75
2025-05-31 01:00:00,24673.33,54.79,1016.64,13.36
2025-05-31 03:00:00,24673.62,55.83,1016.70,12.74
2025-05-31 05:00:00,24674.00,56.66,1016.30,11.93
2025-05-31 07:00:00,24673.67,58.13,1016.88,11.06
2025-05-31 09:00:00,24673.47,58.82,1017.79,11.91
2025-05-31 11:00:00,24673.94,57.54,1018.26,16.23
2025-06-01 13:00:00,24673.50,51.67,1019.84,20.97
2025-06-01 15:00:00,24674.50,41.35,1017.90,25.95
2025-06-01 17:00:00,24675.00,33.96,1017.20,28.52
2025-06-01 19:00:00,24674.75,41.45,1017.57,19.71
2025-06-01 21:00:00,24674.00,45.55,1017.70,17.28
2025-06-01 23:00:00,24674.00,47.91,1017.55,15.69
2025-06-02 01:00:00,24674.00,49.89,1017.33,14.22
2025-06-02 03:00:00,24673.50,52.21,1016.63,12.96
2025-06-02 05:00:00,24673.80,54.05,1016.07,12.11
2025-06-02 07:00:00,24673.40,55.14,1016.53,11.10
2025-06-02 09:00:00,24673.60,56.52,1016.84,12.26
2025-06-02 11:00:00,24674.00,56.03,1016.60,16.37
2025-06-02 13:00:00,24673.44,50.48,1014.67,22.68
2025-06-02 15:00:00,24674.30,42.57,1013.10,27.61
2025-06-02 17:00:00,24675.00,33.40,1012.63,31.57
2025-06-02 19:00:00,24675.00,42.69,1012.88,22.61
2025-06-02 21:00:00,24675.00,47.88,1013.14,19.97
2025-06-02 23:00:00,24675.00,51.63,1013.37,18.60
2025-06-03 01:00:00,24674.30,54.02,1013.29,17.34
2025-06-03 03:00:00,24674.00,55.45,1013.08,16.67
2025-06-03 05:00:00,24673.00,57.45,1012.17,16.28
2025-06-03 07:00:00,24673.00,60.46,1012.08,16.76
2025-06-03 09:00:00,24673.44,62.84,1012.44,17.04
2025-06-03 11:00:00,24673.67,62.88,1012.33,18.52
2025-06-03 13:00:00,24674.07,62.76,1011.38,19.26
2025-06-03 15:00:00,24674.27,63.36,1009.49,19.50
2025-06-03 17:00:00,24675.00,62.90,1008.84,20.06
2025-06-03 19:00:00,24675.00,63.45,1008.32,18.59
2025-06-03 21:00:00,24674.00,64.39,1008.56,17.50
2025-06-03 23:00:00,,63.91,1008.32,16.52
2025-06-04 01:00:00,,63.83,1008.23,15.89
2025-06-04 03:00:00,24673.00,63.77,1007.82,15.80
2025-06-04 05:00:00,24673.00,65.19,1007.55,15.88
2025-06-04 07:00:00,,66.70,1007.90,16.25
2025-06-04 09:00:00,24673.00,67.81,1008.53,17.14
2025-06-04 11:00:00,24673.38,68.33,1008.78,18.90
2025-06-04 13:00:00,24674.00,66.51,1007.42,22.10
2025-06-04 15:00:00,24673.40,59.94,1006.31,27.89
2025-06-04 17:00:00,24674.00,47.06,1006.15,32.11
2025-06-04 19:00:00,24674.50,55.58,1007.32,23.59
2025-06-04 21:00:00,24674.00,58.84,1008.41,22.27
2025-06-04 23:00:00,24674.00,59.50,1008.98,21.23
2025-06-05 01:00:00,24674.20,60.46,1009.34,20.86
2025-06-05 03:00:00,24675.00,61.21,1009.16,19.69
2025-06-05 05:00:00,24675.00,62.17,1009.05,17.97
2025-06-05 07:00:00,24674.00,62.74,1010.44,17.23
2025-06-05 09:00:00,24673.11,63.57,1012.61,17.04
2025-06-05 11:00:00,24673.67,61.98,1013.51,18.94
2025-06-05 13:00:00,24673.67,56.43,1012.64,24.13
2025-06-05 15:00:00,24674.00,45.41,1011.71,30.20
2025-06-05 17:00:00,24675.00,40.19,1012.20,29.77
2025-06-05 19:00:00,24674.86,48.88,1013.47,21.30
2025-06-05 21:00:00,24675.00,52.33,1014.37,19.12
2025-06-05 23:00:00,24674.17,53.86,1015.39,17.43
2025-06-06 01:00:00,24673.83,55.18,1015.89,16.35
2025-06-06 03:00:00,24673.75,56.61,1015.63,14.55
2025-06-06 05:00:00,24673.30,57.63,1015.57,13.70
2025-06-06 07:00:00,24673.75,58.83,1016.20,13.27
2025-06-06 09:00:00,24673.22,59.29,1017.02,13.38
2025-06-06 11:00:00,24673.12,57.93,1017.14,17.40
2025-06-06 13:00:00,24673.17,52.08,1016.27,21.98
2025-06-06 15:00:00,24674.00,42.24,1014.50,26.50
2025-06-06 17:00:00,24674.78,42.36,1013.80,23.09
2025-06-06 19:00:00,24675.00,46.25,1013.88,19.72
2025-06-06 21:00:00,24674.82,49.29,1014.10,17.86
2025-06-06 23:00:00,24674.00,52.54,1013.32,15.87
2025-06-07 01:00:00,24674.00,54.57,1013.40,14.70
2025-06-07 03:00:00,24674.00,56.95,1013.78,13.87
2025-06-07 05:00:00,24673.67,58.13,1013.40,12.70
2025-06-07 07:00:00,24673.18,58.81,1013.80,11.60
2025-06-07 09:00:00,24673.00,58.81,1014.49,12.63
2025-06-07 11:00:00,24673.00,58.66,1013.58,16.03
2025-06-07 13:00:00,24673.10,52.58,1012.38,21.66
2025-06-07 15:00:00,24674.10,40.37,1011.24,27.45
2025-06-07 17:00:00,24675.00,36.16,1012.01,25.57
2025-06-07 19:00:00,24675.00,42.29,1012.75,20.49
2025-06-07 21:00:00,24674.75,43.88,1012.44,17.93
2025-06-07 23:00:00,24674.00,47.35,1012.93,15.91
2025-06-08 01:00:00,24674.00,50.36,1013.98,14.49
2025-06-08 03:00:00,24674.00,52.35,1014.05,14.15
2025-06-08 05:00:00,24673.57,54.28,1013.99,13.06
2025-06-08 07:00:00,24674.00,55.81,1014.40,12.78
2025-06-08 09:00:00,24673.42,56.67,1015.20,12.93
2025-06-08 11:00:00,24673.91,55.36,1015.37,17.16
2025-06-08 13:00:00,24674.31,47.25,1014.50,23.19
2025-06-08 15:00:00,24674.77,36.51,1013.29,28.47
2025-06-08 17:00:00,24675.00,28.46,1013.44,33.41
2025-06-08 19:00:00,24675.00,37.18,1014.76,21.35
2025-06-08 21:00:00,24675.00,41.21,1015.38,18.58
2025-06-08 23:00:00,24674.00,44.46,1016.33,16.79
2025-06-09 01:00:00,24674.00,48.26,1016.79,15.33
2025-06-09 03:00:00,24674.00,50.97,1017.10,13.98
2025-06-09 05:00:00,24673.31,53.10,1017.20,12.80
2025-06-09 07:00:00,24673.57,55.27,1017.96,12.39
2025-06-09 09:00:00,24673.36,56.83,1019.20,12.32
2025-06-09 11:00:00,24673.14,57.28,1019.86,13.89
2025-06-09 13:00:00,24673.00,56.52,1018.90,15.78
2025-06-09 15:00:00,24673.20,55.48,1017.90,16.41
2025-06-09 17:00:00,24673.50,55.64,1017.64,15.95
2025-06-09 19:00:00,24673.36,55.29,1017.88,15.65
2025-06-09 21:00:00,24673.67,54.76,1019.00,15.02
2025-06-09 23:00:00,24673.70,54.47,1019.34,14.45
2025-06-10 01:00:00,24673.67,55.10,1018.94,13.34
2025-06-10 03:00:00,24673.82,55.97,1018.36,11.81
2025-06-10 05:00:00,24673.36,56.95,1018.25,10.44
2025-06-10 07:00:00,24673.86,57.47,1019.08,9.30
2025-06-10 09:00:00,24674.00,57.91,1020.01,10.10
2025-06-10 11:00:00,24673.92,56.92,1020.40,14.26
2025-06-10 13:00:00,24673.62,53.33,1019.54,18.37
2025-06-10 15:00:00,24674.12,42.19,1018.07,26.03
2025-06-10 17:00:00,24675.00,30.18,1017.87,31.21
2025-06-10 19:00:00,24674.33,38.87,1018.63,19.35
2025-06-10 21:00:00,24674.00,44.30,1019.23,17.09
2025-06-10 23:00:00,24674.00,47.18,1019.64,15.26
2025-06-11 01:00:00,24673.71,48.98,1019.94,13.78
2025-06-11 03:00:00,24673.36,50.16,1019.88,12.40
2025-06-11 05:00:00,24673.75,51.40,1019.79,11.41
2025-06-11 07:00:00,24674.00,52.70,1020.59,10.54
2025-06-11 09:00:00,24674.00,53.91,1022.04,11.37
2025-06-11 11:00:00,24674.00,53.14,1022.35,14.73
2025-06-11 13:00:00,24674.00,47.74,1021.60,19.84
2025-06-11 15:00:00,24674.42,39.02,1019.47,25.97
2025-06-11 17:00:00,24675.00,28.81,1018.16,32.85
2025-06-11 19:00:00,24674.71,38.20,1018.38,19.73
2025-06-11 21:00:00,24674.00,42.01,1018.95,16.68
2025-06-11 23:00:00,24674.00,43.50,1018.77,15.17
2025-06-12 01:00:00,24673.83,46.35,1018.22,13.32
2025-06-12 03:00:00,24674.00,49.65,1017.02,12.06
2025-06-12 05:00:00,24674.00,51.91,1015.99,11.27
2025-06-12 07:00:00,24674.00,53.86,1015.79,10.32
2025-06-12 09:00:00,24674.00,55.78,1015.88,11.15
2025-06-12 11:00:00,24674.00,55.59,1015.53,14.56
2025-06-12 13:00:00,,,,
2025-06-12 15:00:00,24674.42,39.12,1010.94,26.55
2025-06-12 17:00:00,24675.00,34.10,1009.52,27.56
2025-06-12 19:00:00,24674.75,42.36,1009.50,19.88
2025-06-12 21:00:00,24674.00,46.04,1010.29,18.21
2025-06-12 23:00:00,24673.77,48.97,1010.75,16.29
2025-06-13 01:00:00,24674.00,50.88,1010.91,15.25
2025-06-13 03:00:00,24673.62,51.23,1010.97,15.35
2025-06-13 05:00:00,24674.00,51.75,1011.11,15.06
2025-06-13 07:00:00,24673.50,52.19,1011.24,15.34
2025-06-13 09:00:00,24673.57,53.71,1011.81,15.39
2025-06-13 11:00:00,24673.00,53.78,1012.17,17.15
2025-06-13 13:00:00,24673.00,50.63,1011.04,19.02
2025-06-13 15:00:00,24673.82,50.61,1009.64,18.99
2025-06-13 17:00:00,24674.00,51.53,1009.32,19.03
2025-06-13 19:00:00,24674.00,53.61,1009.39,18.25
2025-06-13 21:00:00,24674.00,55.39,1009.53,17.99
2025-06-13 23:00:00,24673.73,56.56,1008.89,17.92
2025-06-14 01:00:00,24673.83,58.96,1008.72,17.53
2025-06-14 03:00:00,24673.33,62.53,1006.61,17.70
2025-06-14 05:00:00,24673.25,64.27,1005.32,17.57
2025-06-14 07:00:00,24673.29,65.04,1005.81,17.73
2025-06-14 09:00:00,24673.00,65.90,1005.62,17.46
2025-06-14 11:00:00,24673.00,,,
2025-06-14 13:00:00,24674.00,66.30,1004.20,18.37
2025-06-14 15:00:00,24673.75,66.81,1004.76,18.52
2025-06-14 17:00:00,24674.00,66.37,1004.77,17.98
2025-06-14 19:00:00,24674.00,66.10,1008.00,17.56
2025-06-14 21:00:00,24674.00,66.40,1009.28,16.76
2025-06-14 23:00:00,24673.33,66.11,1008.96,16.29
2025-06-15 01:00:00,24673.00,66.07,1008.79,15.85
2025-06-15 03:00:00,24673.00,65.47,1009.24,15.81
2025-06-15 05:00:00,24673.00,66.22,1010.21,15.42
2025-06-15 07:00:00,,65.60,1011.22,15.41
2025-06-15 09:00:00,24673.00,64.60,1012.37,15.34
2025-06-15 11:00:00,24673.00,63.17,1013.50,15.53
2025-06-15 13:00:00,24673.00,62.94,1013.12,15.27
2025-06-15 15:00:00,24673.00,62.27,1012.18,15.44
2025-06-15 17:00:00,24673.00,61.20,1011.73,15.66
2025-06-15 19:00:00,24673.00,60.80,1011.59,15.64
2025-06-15 21:00:00,24673.00,61.03,1012.09,15.22
2025-06-15 23:00:00,24673.33,60.70,1012.78,14.97
2025-06-16 01:00:00,24673.25,61.41,1012.34,14.80
2025-06-16 03:00:00,24673.71,61.47,1011.51,14.60
2025-06-16 05:00:00,24673.50,62.69,1010.87,13.32
2025-06-16 07:00:00,24673.12,63.97,1011.05,12.76
2025-06-16 09:00:00,24673.25,64.87,1011.36,12.87
2025-06-16 11:00:00,24673.00,64.17,1011.36,16.37
2025-06-16 13:00:00,24673.25,62.91,1008.95,19.14
2025-06-16 15:00:00,24674.00,60.30,1005.64,21.16
2025-06-16 17:00:00,,61.45,1004.57,20.79
2025-06-16 19:00:00,,,,
2025-06-16 21:00:00,,,,
2025-06-16 23:00:00,24674.00,67.28,1005.12,20.34
2025-06-17 01:00:00,24674.00,68.32,1005.46,20.09
2025-06-17 03:00:00,24674.50,68.20,1006.02,20.19
2025-06-17 05:00:00,24674.50,69.00,1006.12,19.66
2025-06-17 07:00:00,24674.43,69.09,1007.89,19.55
2025-06-17 09:00:00,24674.67,69.41,1009.48,19.34
2025-06-17 11:00:00,24674.00,68.00,1010.09,20.42
2025-06-17 13:00:00,24674.00,66.40,1009.49,20.70
2025-06-17 15:00:00,24674.00,64.83,1008.29,21.03
2025-06-17 17:00:00,24674.29,65.33,1008.52,20.14
2025-06-17 19:00:00,24674.00,67.01,1009.19,18.82
2025-06-17 21:00:00,24674.00,66.51,1010.43,18.48
2025-06-17 23:00:00,24674.09,66.40,1010.98,17.88
2025-06-18 01:00:00,24674.00,66.54,1011.97,17.32
2025-06-18 03:00:00,24673.71,67.52,1011.52,16.56
2025-06-18 05:00:00,24673.20,67.94,1010.65,16.40
2025-06-18 07:00:00,24673.00,67.79,1010.76,16.51
2025-06-18 09:00:00,24673.00,68.04,1012.14,16.63
2025-06-18 11:00:00,24673.00,67.94,1012.73,17.42
2025-06-18 13:00:00,24673.08,66.34,1012.35,17.93
2025-06-18 15:00:00,24673.25,66.38,1011.83,17.26
2025-06-18 17:00:00,24673.12,66.16,1012.84,16.87
2025-06-18 19:00:00,24673.00,65.59,1014.74,16.43
2025-06-18 21:00:00,24673.00,64.72,1015.21,16.07
2025-06-18 23:00:00,24673.57,63.96,1015.14,15.05
2025-06-19 01:00:00,24673.25,64.63,1014.48,14.10
2025-06-19 03:00:00,24673.00,65.09,1015.41,14.51
2025-06-19 05:00:00,24673.00,65.64,1014.61,13.98
2025-06-19 07:00:00,24673.00,65.77,1015.43,12.96
2025-06-19 09:00:00,24673.00,65.21,1016.69,13.65
2025-06-19 11:00:00,24673.30,63.63,1017.31,16.73
2025-06-19 13:00:00,24673.22,58.93,1016.38,20.71
2025-06-19 15:00:00,24674.08,54.93,1015.12,21.16
2025-06-19 17:00:00,24674.56,52.65,1015.04,20.44
2025-06-19 19:00:00,24674.82,56.14,1015.74,18.24
2025-06-19 21:00:00,24674.00,60.32,1016.16,17.37
2025-06-19 23:00:00,24674.00,62.45,1016.19,17.02
2025-06-20 01:00:00,24674.00,62.60,1016.12,16.58
2025-06-20 03:00:00,,61.50,1015.20,16.20
2025-06-20 05:00:00,24673.00,61.93,1014.31,14.96
2025-06-20 07:00:00,24673.83,62.22,1014.57,14.09
2025-06-20 09:00:00,24673.07,62.15,1015.21,14.37
2025-06-20 11:00:00,24673.29,62.17,1015.17,16.78
2025-06-20 13:00:00,24673.40,58.54,1013.68,22.54
2025-06-20 15:00:00,24674.00,52.90,1012.23,24.41
2025-06-20 17:00:00,24674.33,43.41,1011.83,29.27
2025-06-20 19:00:00,24675.00,49.23,1012.25,21.20
2025-06-20 21:00:00,24675.00,53.96,1012.52,18.89
2025-06-20 23:00:00,24674.50,55.98,1012.36,17.19
2025-06-21 01:00:00,24674.00,58.07,1011.95,15.76
2025-06-21 03:00:00,24673.89,59.18,1011.11,15.30
2025-06-21 05:00:00,24673.85,60.55,1010.87,14.78
2025-06-21 07:00:00,24673.27,62.96,1011.38,14.52
2025-06-21 09:00:00,24673.00,64.24,1011.36,14.74
2025-06-21 11:00:00,24673.00,64.45,1011.50,15.93
2025-06-21 13:00:00,24673.11,62.00,1010.03,19.25
2025-06-21 15:00:00,24674.00,59.24,1008.29,20.10
2025-06-21 17:00:00,24674.00,55.50,1007.03,22.05
2025-06-21 19:00:00,24674.85,58.65,1006.79,18.38
2025-06-21 21:00:00,24674.75,60.90,1006.36,16.78
2025-06-21 23:00:00,24674.00,61.30,1006.19,15.97
2025-06-22 01:00:00,24673.78,62.36,1004.80,14.82
2025-06-22 03:00:00,24673.69,63.34,1003.33,14.51
2025-06-22 05:00:00,24673.21,64.43,1002.74,14.46
2025-06-22 07:00:00,24673.00,64.84,1002.77,14.38
2025-06-22 09:00:00,24673.00,65.60,1003.42,15.31
2025-06-22 11:00:00,24673.00,64.73,1003.37,17.94
2025-06-22 13:00:00,24673.14,64.45,1002.63,18.10
2025-06-22 15:00:00,24673.43,63.88,1001.33,18.89
2025-06-22 17:00:00,24673.67,63.39,1000.71,18.12
2025-06-22 19:00:00,24674.00,63.33,1001.66,17.20
2025-06-22 21:00:00,24673.62,63.20,1004.01,16.40
2025-06-22 23:00:00,24673.00,62.80,1005.84,15.59
2025-06-23 01:00:00,24673.42,58.24,1009.21,12.88
2025-06-23 03:00:00,24673.80,54.67,1009.74,11.14
2025-06-23 05:00:00,24673.00,54.85,1010.00,10.12
2025-06-23 07:00:00,24673.80,54.59,1010.89,9.78
2025-06-23 09:00:00,24673.60,54.34,1012.42,9.14
2025-06-23 11:00:00,24673.44,51.26,1013.48,11.32
2025-06-23 13:00:00,24674.00,44.06,1012.53,14.87
2025-06-23 15:00:00,24673.75,38.89,1011.65,18.98
2025-06-23 17:00:00,24673.69,32.84,1011.66,21.49
2025-06-23 19:00:00,24674.00,38.85,1012.62,12.98
2025-06-23 21:00:00,24674.00,40.50,1013.46,11.23
2025-06-23 23:00:00,24674.00,42.52,1014.15,9.78
2025-06-24 01:00:00,24673.75,44.91,1014.37,8.46
2025-06-24 03:00:00,24673.00,47.03,1014.23,7.38
2025-06-24 05:00:00,24673.00,48.32,1014.16,6.62
2025-06-24 07:00:00,24673.00,49.36,1014.79,6.21
2025-06-24 09:00:00,24673.64,49.42,1015.35,7.56
2025-06-24 11:00:00,24673.36,44.80,1015.16,11.76
2025-06-24 13:00:00,24674.00,36.76,1013.54,16.80
2025-06-24 15:00:00,24674.00,30.62,1011.72,20.78
2025-06-24 17:00:00,24674.00,25.32,1010.92,24.29
2025-06-24 19:00:00,24674.00,30.50,1010.98,16.03
2025-06-24 21:00:00,24674.00,37.11,1011.50,12.68
2025-06-24 23:00:00,24674.00,39.95,1011.58,11.69
2025-06-25 01:00:00,24674.00,44.53,1011.08,10.38
2025-06-25 03:00:00,24674.14,47.87,1010.20,9.73
2025-06-25 05:00:00,24674.00,50.21,1009.59,9.43
2025-06-25 07:00:00,24673.47,52.58,1009.74,8.70
2025-06-25 09:00:00,24673.00,53.24,1010.80,9.87
2025-06-25 11:00:00,24673.75,47.87,1010.51,14.87
2025-06-25 13:00:00,24674.00,41.88,1009.13,18.17
2025-06-25 15:00:00,24674.00,36.46,1008.14,21.30
2025-06-25 17:00:00,24674.00,36.94,1008.05,19.09
2025-06-25 19:00:00,24674.00,42.14,1008.50,17.67
2025-06-25 21:00:00,24674.00,44.82,1009.47,17.05
2025-06-25 23:00:00,24673.82,47.12,1010.26,16.55
2025-06-26 01:00:00,24674.00,50.48,1010.19,15.81
2025-06-26 03:00:00,24674.00,50.41,1010.28,15.84
2025-06-26 05:00:00,24674.00,51.92,1010.52,15.08
2025-06-26 07:00:00,24674.00,53.40,1010.59,14.28
2025-06-26 09:00:00,24674.00,53.85,1011.10,14.29
2025-06-26 11:00:00,24673.86,52.08,1012.47,16.77
2025-06-26 13:00:00,24673.92,43.94,1012.51,21.48
2025-06-26 15:00:00,24674.80,35.43,1012.02,26.96
2025-06-26 17:00:00,24675.00,28.53,1012.78,29.84
2025-06-26 19:00:00,24674.90,36.00,1014.38,19.17
2025-06-26 21:00:00,24674.00,39.63,1015.53,16.20
2025-06-26 23:00:00,24674.00,40.93,1016.30,14.16
2025-06-27 01:00:00,24674.00,42.45,1016.55,12.55
2025-06-27 03:00:00,24674.00,43.46,1016.48,11.63
2025-06-27 05:00:00,24674.25,45.45,1016.74,10.15
2025-06-27 07:00:00,24674.08,47.56,1017.57,9.27
2025-06-27 09:00:00,24673.90,48.98,1018.34,9.57
2025-06-27 11:00:00,24674.00,48.64,1018.59,13.12
2025-06-27 13:00:00,24674.00,42.47,1016.91,19.91
2025-06-27 15:00:00,24674.46,34.48,1014.67,25.78
2025-06-27 17:00:00,24675.27,25.51,1013.34,30.12
2025-06-27 19:00:00,24674.17,32.39,1013.54,18.96
2025-06-27 21:00:00,24674.00,37.72,1014.52,15.89
2025-06-27 23:00:00,24674.00,40.12,1014.20,14.27
2025-06-28 01:00:00,24674.00,43.32,1013.46,12.90
2025-06-28 03:00:00,24674.00,45.49,1012.80,11.61
2025-06-28 05:00:00,24674.00,47.67,1011.85,10.98
2025-06-28 07:00:00,24674.00,49.38,1011.49,11.29
2025-06-28 09:00:00,24673.78,50.31,1011.60,12.35
2025-06-28 11:00:00,24674.00,50.59,1011.79,14.25
2025-06-28 13:00:00,24673.33,48.19,1009.57,18.51
2025-06-28 15:00:00,24674.00,47.04,1008.43,20.04
2025-06-28 17:00:00,24674.21,47.72,1008.33,19.69
2025-06-28 19:00:00,24674.17,49.44,1009.93,16.63
2025-06-28 21:00:00,24674.00,51.05,1010.80,15.59
2025-06-28 23:00:00,24674.00,51.76,1012.11,14.63
2025-06-29 01:00:00,24674.00,53.42,1012.19,13.18
2025-06-29 03:00:00,24673.67,55.51,1013.16,13.77
2025-06-29 05:00:00,24673.91,56.20,1015.12,13.82
2025-06-29 07:00:00,24673.80,56.51,1016.94,13.08
2025-06-29 09:00:00,24674.00,57.44,1018.53,12.93
2025-06-29 11:00:00,24673.85,56.55,1020.28,14.10
2025-06-29 13:00:00,24673.10,54.15,1020.89,15.57
2025-06-29 15:00:00,24673.50,50.49,1020.81,16.74
2025-06-29 17:00:00,24674.00,48.90,1021.94,15.36
2025-06-29 19:00:00,24674.00,49.69,1023.29,13.29
2025-06-29 21:00:00,24674.00,50.96,1024.52,11.55
2025-06-29 23:00:00,24674.00,51.63,1026.08,10.49
2025-06-30 01:00:00,24674.25,50.87,1026.65,9.37
2025-06-30 03:00:00,24674.00,50.80,1026.40,8.26
2025-06-30 05:00:00,24673.36,52.00,1025.93,7.24
2025-06-30 07:00:00,24673.00,53.58,1026.29,6.47
2025-06-30 09:00:00,24673.00,54.73,1027.14,6.64
2025-06-30 11:00:00,24673.75,52.81,1028.02,9.78
2025-07-01 13:00:00,24673.67,44.93,1028.61,14.75
2025-07-01 15:00:00,24674.25,35.80,1027.32,21.14
2025-07-01 17:00:00,24674.44,26.44,1026.80,24.72
2025-07-01 19:00:00,24674.11,32.44,1027.22,13.89
2025-07-01 21:00:00,24674.12,36.57,1027.89,11.62
2025-07-01 23:00:00,24674.40,40.02,1027.89,9.94
2025-07-02 01:00:00,24673.36,42.39,1028.28,8.47
2025-07-02 03:00:00,24673.33,44.06,1028.25,7.32
2025-07-02 05:00:00,24673.90,45.57,1028.22,6.09
2025-07-02 07:00:00,24674.00,46.84,1028.63,5.53
2025-07-02 09:00:00,24674.00,48.25,1029.59,5.62
2025-07-02 11:00:00,24673.42,48.66,1030.36,9.27
2025-07-02 13:00:00,24673.73,43.62,1028.81,16.19
2025-07-02 15:00:00,24674.00,34.84,1027.03,22.99
2025-07-02 17:00:00,24674.30,25.51,1026.53,27.60
2025-07-02 19:00:00,24674.60,32.72,1027.06,15.66
2025-07-02 21:00:00,24674.10,37.59,1027.54,12.79
2025-07-02 23:00:00,24674.78,40.70,1027.78,10.89
2025-07-03 01:00:00,24674.11,43.15,1027.69,9.49
2025-07-03 03:00:00,24673.15,45.62,1027.05,8.24
2025-07-03 05:00:00,24673.13,47.63,1026.15,7.87
2025-07-03 07:00:00,24674.00,49.77,1025.99,7.27
2025-07-03 09:00:00,24674.00,51.12,1026.14,7.93
2025-07-03 11:00:00,24673.43,52.10,1026.01,11.79
2025-07-03 13:00:00,24674.00,48.90,1024.31,17.53
2025-07-03 15:00:00,24674.00,41.33,1022.15,23.72
2025-07-03 17:00:00,24674.00,31.79,1021.36,29.21
2025-07-03 19:00:00,24674.00,40.86,1021.00,17.54
2025-07-03 21:00:00,24674.00,44.81,1021.12,15.07
2025-07-03 23:00:00,24674.00,47.90,1020.95,13.73
2025-07-04 01:00:00,24674.00,50.41,1020.87,12.45
2025-07-04 03:00:00,24674.14,52.67,1020.15,11.33
2025-07-04 05:00:00,24674.00,54.68,1019.39,10.50
2025-07-04 07:00:00,24674.00,55.97,1019.99,9.84
2025-07-04 09:00:00,24673.33,57.18,1020.39,10.22
2025-07-04 11:00:00,24673.79,56.74,1020.72,14.73
2025-07-04 13:00:00,24673.91,52.95,1019.28,19.69
2025-07-04 15:00:00,24674.55,44.69,1017.49,25.12
2025-07-04 17:00:00,24675.00,33.34,1016.59,31.71
2025-07-04 19:00:00,24675.00,42.12,1017.28,20.74
2025-07-04 21:00:00,24674.00,46.97,1017.90,18.21
2025-07-04 23:00:00,24674.00,50.12,1018.59,16.51
2025-07-05 01:00:00,24674.00,52.36,1018.80,15.29
2025-07-05 03:00:00,24674.00,54.10,1018.25,14.50
2025-07-05 05:00:00,24674.00,55.48,1018.00,13.65
2025-07-05 07:00:00,24674.00,56.08,1018.37,12.87
2025-07-05 09:00:00,24673.92,56.93,1019.54,13.74
2025-07-05 11:00:00,24674.00,56.97,1020.00,17.83
2025-07-05 13:00:00,24674.13,51.46,1018.34,23.56
2025-07-05 15:00:00,24674.59,42.30,1016.53,29.90
2025-07-05 17:00:00,24675.00,32.46,1015.87,34.43
2025-07-05 19:00:00,24675.22,41.68,1016.41,23.55
2025-07-05 21:00:00,24675.31,46.71,1016.76,20.61
2025-07-05 23:00:00,24675.00,49.24,1017.22,19.21
2025-07-06 01:00:00,24674.18,52.35,1017.35,17.83
2025-07-06 03:00:00,24674.00,54.11,1016.59,16.50
2025-07-06 05:00:00,24674.00,55.43,1015.95,15.35
2025-07-06 07:00:00,24674.00,56.49,1016.27,14.56
2025-07-06 09:00:00,24673.60,57.10,1017.02,15.16
2025-07-06 11:00:00,24673.89,55.81,1017.00,18.95
2025-07-06 13:00:00,24674.73,49.69,1015.65,23.83
2025-07-06 15:00:00,24675.00,40.03,1013.72,29.02
2025-07-06 17:00:00,24675.00,29.06,1013.02,35.37
2025-07-06 19:00:00,24675.09,38.92,1014.09,23.58
2025-07-06 21:00:00,24675.00,44.36,1014.59,20.48
2025-07-06 23:00:00,24675.18,47.73,1015.11,18.30
2025-07-07 01:00:00,24674.92,49.88,1015.20,17.26
2025-07-07 03:00:00,24674.00,51.34,1015.12,16.23
2025-07-07 05:00:00,24674.00,52.63,1014.45,15.16
2025-07-07 07:00:00,24674.00,53.41,1014.89,15.36
2025-07-07 09:00:00,24674.00,54.82,1016.32,15.96
2025-07-07 11:00:00,24673.90,53.09,1017.24,19.05
2025-07-07 13:00:00,24674.89,47.82,1016.65,23.94
2025-07-07 15:00:00,24675.00,44.87,1015.70,25.12
2025-07-07 17:00:00,24675.00,42.90,1015.88,26.49
2025-07-07 19:00:00,24675.00,46.85,1016.79,21.81
2025-07-07 21:00:00,24675.00,50.90,1017.45,19.68
2025-07-07 23:00:00,24675.17,52.38,1017.93,18.65
2025-07-08 01:00:00,24675.12,53.89,1018.27,17.29
2025-07-08 03:00:00,24674.33,55.93,1017.86,16.02
2025-07-08 05:00:00,24674.00,57.24,1017.58,15.11
2025-07-08 07:00:00,24674.00,58.35,1018.25,14.23
2025-07-08 09:00:00,24674.00,58.67,1018.94,14.51
2025-07-08 11:00:00,24673.82,55.71,1019.50,18.89
2025-07-08 13:00:00,24674.71,47.66,1018.58,24.16
2025-07-08 15:00:00,24674.92,38.03,1016.99,29.91
2025-07-08 17:00:00,24675.00,28.17,1016.43,36.32
2025-07-08 19:00:00,24674.92,36.38,1017.12,24.62
2025-07-08 21:00:00,24675.18,41.53,1018.04,21.41
2025-07-08 23:00:00,24675.30,44.69,1018.54,19.40
2025-07-09 01:00:00,24675.00,47.34,1018.92,17.73
2025-07-09 03:00:00,24674.20,49.92,1018.93,16.23
2025-07-09 05:00:00,24674.00,52.02,1018.55,15.41
2025-07-09 07:00:00,24674.00,53.52,1019.12,14.29
2025-07-09 09:00:00,24674.00,54.80,1019.89,14.62
2025-07-09 11:00:00,24673.89,53.09,1020.36,18.74
2025-07-09 13:00:00,24674.62,48.94,1019.11,23.13
2025-07-09 15:00:00,24675.00,39.62,1017.16,28.54
2025-07-09 17:00:00,24675.00,30.96,1016.15,32.62
2025-07-09 19:00:00,24675.33,38.75,1016.88,22.91
2025-07-09 21:00:00,24675.36,43.83,1018.23,19.50
2025-07-09 23:00:00,24675.56,47.99,1018.72,17.25
2025-07-10 01:00:00,24674.25,51.05,1019.11,15.89
2025-07-10 03:00:00,24674.00,53.20,1018.95,15.49
2025-07-10 05:00:00,24674.00,55.39,1018.59,14.94
2025-07-10 07:00:00,24674.00,56.60,1019.14,14.36
2025-07-10 09:00:00,24674.00,57.28,1020.00,14.34
2025-07-10 11:00:00,24674.00,57.37,1020.55,15.21
2025-07-10 13:00:00,24673.75,54.65,1019.71,18.27
2025-07-10 15:00:00,24674.44,45.06,1017.86,26.31
2025-07-10 17:00:00,24675.00,34.23,1017.27,30.85
2025-07-10 19:00:00,24675.27,44.16,1018.16,20.05
2025-07-10 21:00:00,24675.33,48.50,1019.24,17.33
2025-07-10 23:00:00,24674.08,50.71,1019.62,15.72
2025-07-11 01:00:00,24674.00,52.39,1019.75,14.56
2025-07-11 03:00:00,24674.00,53.31,1019.59,13.78
2025-07-11 05:00:00,24674.00,54.28,1019.34,12.18
2025-07-11 07:00:00,24674.00,55.54,1020.12,11.20
2025-07-11 09:00:00,24674.00,56.37,1020.78,11.83
2025-07-11 11:00:00,24674.00,56.96,1021.17,16.25
2025-07-11 13:00:00,24674.25,53.21,1020.30,21.31
2025-07-11 15:00:00,24675.00,46.42,1018.98,26.44
2025-07-11 17:00:00,24675.00,35.56,1018.54,32.25
2025-07-11 19:00:00,24675.33,43.40,1019.04,21.63
2025-07-11 21:00:00,24675.23,47.61,1019.86,18.93
2025-07-11 23:00:00,24674.83,48.71,1020.43,17.37
2025-07-12 01:00:00,24674.00,49.99,1020.31,16.38
2025-07-12 03:00:00,24674.00,52.55,1020.25,15.43
2025-07-12 05:00:00,24674.00,54.95,1019.30,14.15
2025-07-12 07:00:00,24674.00,56.89,1019.78,13.89
2025-07-12 09:00:00,24674.00,59.19,1020.10,13.91
2025-07-12 11:00:00,24674.00,59.37,1020.90,15.30
2025-07-12 13:00:00,24673.55,56.73,1019.96,19.33
2025-07-12 15:00:00,24674.85,46.24,1017.78,25.37
2025-07-12 17:00:00,24675.14,43.73,1017.26,23.87
2025-07-12 19:00:00,24675.00,47.06,1017.21,20.87
2025-07-12 21:00:00,24675.00,50.79,1017.58,19.51
2025-07-12 23:00:00,24675.00,52.08,1017.88,18.47
2025-07-13 01:00:00,24674.73,53.19,1018.28,17.35
2025-07-13 03:00:00,24674.00,54.74,1018.73,16.44
2025-07-13 05:00:00,24674.00,56.98,1017.37,15.98
2025-07-13 07:00:00,24674.00,59.60,1017.82,15.58
2025-07-13 09:00:00,24674.00,60.31,1019.36,15.49
2025-07-13 11:00:00,24674.00,61.03,1019.50,15.66
2025-07-13 13:00:00,24674.00,61.51,1018.07,17.05
2025-07-13 15:00:00,24673.38,60.78,1016.81,19.00
2025-07-13 17:00:00,24674.30,59.31,1016.82,19.81
2025-07-13 19:00:00,24674.93,60.38,1017.19,18.20
2025-07-13 21:00:00,24674.00,61.41,1017.77,17.61
2025-07-13 23:00:00,24674.00,61.81,1018.26,16.98
2025-07-14 01:00:00,24674.00,62.48,1017.99,16.05
2025-07-14 03:00:00,24674.00,62.67,1017.50,15.16
2025-07-14 05:00:00,24673.83,63.36,1017.09,14.99
2025-07-14 07:00:00,24674.00,64.33,1016.96,15.08
2025-07-14 09:00:00,24674.00,65.20,1017.46,15.42
2025-07-14 11:00:00,24673.62,65.32,1017.84,16.83
2025-07-14 13:00:00,24673.50,61.96,1016.41,21.24
2025-07-14 15:00:00,24674.17,52.05,1014.23,27.57
2025-07-14 17:00:00,24674.62,42.53,1013.25,31.67
2025-07-14 19:00:00,24675.00,49.59,1013.34,24.45
2025-07-14 21:00:00,24675.00,53.64,1013.78,22.58
2025-07-14 23:00:00,24675.00,56.27,1013.97,20.63
2025-07-15 01:00:00,24675.00,58.07,1014.07,19.03
2025-07-15 03:00:00,24675.00,59.21,1013.54,18.04
2025-07-15 05:00:00,24674.64,61.13,1012.94,17.40
2025-07-15 07:00:00,24674.00,62.55,1012.73,17.00
2025-07-15 09:00:00,24674.00,63.28,1013.36,17.22
2025-07-15 11:00:00,24674.25,61.87,1013.12,20.10
2025-07-15 13:00:00,24674.00,55.48,1011.22,25.94
2025-07-15 15:00:00,24674.18,42.29,1008.46,32.68
2025-07-15 17:00:00,24675.67,34.30,1007.52,36.11
2025-07-15 19:00:00,24675.00,43.34,1007.39,26.89
2025-07-15 21:00:00,24675.00,47.49,1007.51,24.69
2025-07-15 23:00:00,24675.00,50.11,1007.95,23.64
2025-07-16 01:00:00,24675.00,52.75,1007.74,22.35
2025-07-16 03:00:00,24675.00,55.11,1006.98,21.79
2025-07-16 05:00:00,24675.00,56.82,1006.33,21.51
2025-07-16 07:00:00,24675.00,58.85,1006.98,21.06
2025-07-16 09:00:00,24675.00,59.61,1007.49,21.58
2025-07-16 11:00:00,24675.00,58.81,1009.02,22.95
2025-07-16 13:00:00,24675.00,60.18,1009.22,22.29
2025-07-16 15:00:00,24675.00,63.81,1008.82,21.07
2025-07-16 17:00:00,24675.00,64.52,1010.33,18.81
2025-07-16 19:00:00,24675.00,64.12,1012.09,16.13
2025-07-16 21:00:00,24674.86,63.63,1013.19,15.33
2025-07-16 23:00:00,24674.15,62.75,1013.55,14.81
2025-07-17 01:00:00,24673.89,62.48,1013.80,14.12
2025-07-17 03:00:00,24673.45,62.86,1013.29,13.64
2025-07-17 05:00:00,24673.55,62.75,1012.63,13.14
2025-07-17 07:00:00,24674.00,63.41,1012.53,12.62
2025-07-17 09:00:00,24674.00,64.51,1013.35,13.05
2025-07-17 11:00:00,24673.77,64.95,1014.50,13.42
2025-07-17 13:00:00,24673.50,64.35,1014.66,13.79
2025-07-17 15:00:00,24673.70,63.97,1014.67,14.30
2025-07-17 17:00:00,24673.86,64.48,1015.47,13.99
2025-07-17 19:00:00,24674.00,65.15,1016.52,13.63
2025-07-17 21:00:00,24674.00,65.12,1017.34,13.29
2025-07-17 23:00:00,24673.55,64.51,1017.66,12.85
2025-07-18 01:00:00,24673.88,64.33,1017.58,12.18
2025-07-18 03:00:00,24674.00,64.29,1017.76,11.91
2025-07-18 05:00:00,24673.83,63.52,1016.84,11.85
2025-07-18 07:00:00,24673.56,63.16,1017.54,11.69
2025-07-18 09:00:00,24674.00,63.27,1018.52,11.96
2025-07-18 11:00:00,24674.00,63.25,1019.08,12.44
2025-07-18 13:00:00,24673.62,62.54,1018.50,14.36
2025-07-18 15:00:00,24673.22,54.83,1016.80,21.59
2025-07-18 17:00:00,24675.00,43.54,1016.19,24.94
2025-07-18 19:00:00,24674.70,49.47,1016.58,17.04
2025-07-18 21:00:00,24674.00,53.67,1016.95,14.68
2025-07-18 23:00:00,24674.00,55.74,1017.22,13.61
2025-07-19 01:00:00,24673.77,57.30,1017.13,12.46
2025-07-19 03:00:00,24674.00,58.48,1016.66,11.87
2025-07-19 05:00:00,24674.00,59.63,1016.33,11.99
2025-07-19 07:00:00,24673.93,61.67,1017.04,12.01
2025-07-19 09:00:00,24674.00,62.80,1018.01,12.17
2025-07-19 11:00:00,24674.00,63.47,1018.57,13.84
2025-07-19 13:00:00,24673.40,61.93,1017.38,17.55
2025-07-19 15:00:00,24674.30,52.70,1014.93,24.54
2025-07-19 17:00:00,24674.92,39.16,1014.11,29.01
2025-07-19 19:00:00,24675.50,46.35,1014.57,21.22
2025-07-19 21:00:00,24675.17,49.04,1015.17,19.06
2025-07-19 23:00:00,24674.38,51.51,1014.89,17.07
2025-07-20 01:00:00,24674.00,53.71,1014.69,15.65
2025-07-20 03:00:00,24674.00,55.97,1014.54,14.38
2025-07-20 05:00:00,24673.75,56.78,1014.17,13.46
2025-07-20 07:00:00,24674.00,58.03,1014.39,12.77
2025-07-20 09:00:00,24674.00,59.31,1014.94,13.16
2025-07-20 11:00:00,24673.79,59.96,1014.98,16.71
2025-07-20 13:00:00,24673.89,54.65,1013.20,22.97
2025-07-20 15:00:00,24674.17,46.26,1010.94,27.72
2025-07-20 17:00:00,24675.00,37.58,1009.87,30.70
2025-07-20 19:00:00,24675.00,44.65,1010.57,23.52
2025-07-20 21:00:00,24675.00,48.65,1011.14,21.36
2025-07-20 23:00:00,24675.10,51.16,1011.31,19.16
2025-07-21 01:00:00,24674.90,53.33,1011.57,17.66
2025-07-21 03:00:00,24674.00,54.74,1011.22,16.36
2025-07-21 05:00:00,24674.00,55.69,1010.66,15.50
2025-07-21 07:00:00,24673.86,56.63,1010.72,15.19
2025-07-21 09:00:00,24673.60,57.99,1011.59,15.78
2025-07-21 11:00:00,24673.83,58.06,1011.62,19.28
2025-07-21 13:00:00,24674.00,51.73,1009.98,24.81
2025-07-21 15:00:00,24674.33,42.86,1008.50,30.48
2025-07-21 17:00:00,24675.00,34.05,1007.94,34.62
2025-07-21 19:00:00,24675.00,41.78,1008.50,26.26
2025-07-21 21:00:00,24675.00,45.51,1009.44,23.83
2025-07-21 23:00:00,24675.00,47.52,1009.80,22.10
2025-07-22 01:00:00,24675.00,49.04,1010.00,20.91
2025-07-22 03:00:00,24675.00,51.10,1010.04,19.86
2025-07-22 05:00:00,24675.00,53.34,1010.08,18.72
2025-07-22 07:00:00,24675.00,54.79,1011.17,17.64
2025-07-22 09:00:00,24674.12,55.39,1012.73,18.24
2025-07-22 11:00:00,24674.64,52.98,1013.70,22.23
2025-07-22 13:00:00,24674.09,46.93,1012.96,26.09
2025-07-22 15:00:00,24674.79,42.94,1012.20,27.12
2025-07-22 17:00:00,24674.31,44.67,1013.08,24.74
2025-07-22 19:00:00,24675.00,49.46,1015.06,20.35
2025-07-22 21:00:00,24675.00,52.22,1016.49,18.20
2025-07-22 23:00:00,24675.00,53.98,1017.69,17.28
2025-07-23 01:00:00,24675.00,54.79,1018.16,17.04
2025-07-23 03:00:00,24674.15,55.90,1018.11,15.89
2025-07-23 05:00:00,24674.00,55.88,1018.14,15.67
2025-07-23 07:00:00,24674.00,56.87,1018.40,15.07
2025-07-23 09:00:00,24673.93,57.72,1020.36,15.35
2025-07-23 11:00:00,24673.50,56.90,1020.67,16.47
2025-07-23 13:00:00,24674.54,51.99,1019.40,19.32
2025-07-23 15:00:00,24675.00,49.47,1018.22,18.90
2025-07-23 17:00:00,24675.00,49.32,1017.62,18.36
2025-07-23 19:00:00,24674.92,49.79,1018.04,17.39
2025-07-23 21:00:00,24674.47,51.41,1018.23,16.44
2025-07-23 23:00:00,24674.00,51.64,1018.57,15.49
2025-07-24 01:00:00,24674.00,51.96,1018.56,14.52
2025-07-24 03:00:00,24674.00,52.66,1017.55,13.79
2025-07-24 05:00:00,24674.00,53.93,1016.34,12.80
2025-07-24 07:00:00,24674.00,55.26,1017.04,12.59
2025-07-24 09:00:00,24673.75,55.71,1017.37,13.22
2025-07-24 11:00:00,24673.69,53.09,1016.01,16.23
2025-07-24 13:00:00,24674.29,47.62,1013.87,20.78
2025-07-24 15:00:00,24675.00,39.07,1011.30,27.86
2025-07-24 17:00:00,24674.56,35.16,1010.08,28.53
2025-07-24 19:00:00,24675.00,41.41,1009.69,21.77
2025-07-24 21:00:00,24675.00,46.12,1009.48,19.50
2025-07-24 23:00:00,24675.00,50.29,1009.55,18.07
2025-07-25 01:00:00,24675.00,52.97,1010.02,17.81
2025-07-25 03:00:00,24674.90,54.83,1009.87,17.69
2025-07-25 05:00:00,24674.29,56.31,1009.29,17.80
2025-07-25 07:00:00,24674.42,57.69,1008.75,17.70
2025-07-25 09:00:00,24674.80,58.85,1009.65,18.03
2025-07-25 11:00:00,24675.00,59.57,1010.14,18.95
2025-07-25 13:00:00,24674.75,58.06,1008.91,22.51
2025-07-25 15:00:00,24674.12,49.76,1006.80,28.62
2025-07-25 17:00:00,24674.17,43.29,1006.25,30.40
2025-07-25 19:00:00,24674.45,49.28,1006.93,24.78
2025-07-25 21:00:00,24675.00,53.40,1007.86,22.62
2025-07-25 23:00:00,24675.00,55.85,1008.89,21.66
2025-07-26 01:00:00,24675.00,56.98,1009.31,21.01
2025-07-26 03:00:00,24675.00,58.26,1009.56,19.97
2025-07-26 05:00:00,24675.00,59.25,1009.21,19.63
2025-07-26 07:00:00,24675.00,60.95,1008.99,18.98
2025-07-26 09:00:00,24675.00,62.99,1010.37,19.17
2025-07-26 11:00:00,24675.00,63.42,1010.88,19.93
2025-07-26 13:00:00,24675.00,63.49,1009.05,20.22
2025-07-26 15:00:00,24675.00,63.92,1008.47,19.88
2025-07-26 17:00:00,24674.82,63.50,1007.58,19.84
2025-07-26 19:00:00,24674.82,63.61,1007.98,19.02
2025-07-26 21:00:00,24675.00,63.89,1008.82,18.56
2025-07-26 23:00:00,24675.00,64.03,1008.79,17.90
2025-07-27 01:00:00,24674.33,63.83,1007.55,17.16
2025-07-27 03:00:00,24673.92,63.95,1007.20,16.66
2025-07-27 05:00:00,24673.25,64.56,1006.80,15.14
2025-07-27 07:00:00,24673.14,65.15,1005.56,14.73
2025-07-27 09:00:00,24673.17,65.71,1005.74,14.87
2025-07-27 11:00:00,24673.57,65.68,1006.53,15.66
2025-07-27 13:00:00,24674.00,66.88,1006.03,15.49
2025-07-27 15:00:00,24673.38,67.21,1004.64,15.97
2025-07-27 17:00:00,24673.00,67.15,1005.05,16.02
2025-07-27 19:00:00,24673.08,66.59,1006.82,16.05
2025-07-27 21:00:00,24673.64,67.20,1008.53,15.72
2025-07-27 23:00:00,24673.36,67.51,1009.79,15.40
2025-07-28 01:00:00,24673.00,67.54,1011.08,15.17
2025-07-28 03:00:00,24673.00,67.36,1012.27,14.99
2025-07-28 05:00:00,24673.15,66.49,1013.98,14.47
2025-07-28 07:00:00,24673.00,65.87,1016.00,13.45
2025-07-28 09:00:00,24673.14,66.00,1018.02,14.09
2025-07-28 11:00:00,24673.00,64.06,1019.29,16.30
2025-07-28 13:00:00,24673.00,58.92,1019.99,19.88
2025-07-28 15:00:00,24674.50,52.26,1019.46,22.88
2025-07-28 17:00:00,24675.00,43.91,1019.49,26.97
2025-07-28 19:00:00,24675.10,48.10,1020.52,19.17
2025-07-28 21:00:00,24674.58,51.51,1021.19,17.11
2025-07-28 23:00:00,24674.00,53.89,1021.72,15.59
2025-07-29 01:00:00,24674.00,55.53,1021.72,14.29
2025-07-29 03:00:00,24674.00,56.43,1021.43,13.36
2025-07-29 05:00:00,24674.00,57.78,1021.06,12.24
2025-07-29 07:00:00,24674.00,58.80,1021.45,11.52
2025-07-29 09:00:00,24674.00,59.10,1022.36,12.61
2025-07-29 11:00:00,24673.67,57.51,1022.78,15.67
2025-07-29 13:00:00,24673.88,50.03,1021.48,20.72
2025-07-29 15:00:00,24675.00,41.16,1019.06,26.42
2025-07-29 17:00:00,24675.00,33.16,1017.96,31.72
2025-07-29 19:00:00,24675.00,43.65,1018.73,18.66
2025-07-29 21:00:00,,44.19,1018.29,17.88
2025-07-29 23:00:00,24674.00,47.48,1018.46,16.28
2025-07-30 01:00:00,24674.00,50.35,1018.38,14.88
2025-07-30 03:00:00,24674.00,52.62,1017.91,13.85
2025-07-30 05:00:00,24674.00,54.02,1017.04,12.91
2025-07-30 07:00:00,24674.00,55.17,1016.90,12.26
2025-07-30 09:00:00,24674.00,56.24,1017.02,12.64
2025-07-30 11:00:00,24673.77,52.92,1016.75,17.28
2025-07-30 13:00:00,24674.00,45.65,1015.30,21.71
2025-07-30 15:00:00,24675.00,38.96,1013.29,25.98
2025-07-30 17:00:00,24674.75,32.63,1011.84,28.67
2025-07-30 19:00:00,24675.00,39.10,1011.37,20.70
2025-07-30 21:00:00,24675.00,43.57,1011.20,18.54
2025-07-30 23:00:00,24674.22,47.10,1011.38,17.11
2025-07-31 01:00:00,24674.00,50.49,1011.13,15.90
2025-07-31 03:00:00,24674.00,52.26,1010.76,15.33
2025-07-31 05:00:00,24674.00,53.68,1010.33,14.75
2025-07-31 07:00:00,24674.00,54.48,1010.29,14.58
2025-07-31 09:00:00,24673.62,54.40,1010.34,15.62
2025-07-31 11:00:00,24673.64,49.49,1009.85,20.36
2025-08-01 13:00:00,24675.00,39.38,1002.38,27.70
2025-08-01 15:00:00,24675.00,34.25,999.27,32.49
2025-08-01 17:00:00,24675.92,33.30,999.28,32.19
2025-08-01 19:00:00,24676.00,39.09,1000.59,27.41
2025-08-01 21:00:00,24675.83,41.96,1001.82,26.27
2025-08-01 23:00:00,24675.00,43.97,1001.74,25.53
2025-08-02 01:00:00,24675.00,47.33,1000.71,24.15
2025-08-02 03:00:00,24675.00,51.02,1001.90,22.93
2025-08-02 05:00:00,24675.00,56.69,1001.65,21.48
2025-08-02 07:00:00,24675.00,58.64,1003.66,21.43
2025-08-02 09:00:00,24675.00,59.57,1005.85,22.03
2025-08-02 11:00:00,24674.56,58.12,1006.46,24.15
2025-08-02 13:00:00,24674.00,53.89,1005.82,27.12
2025-08-02 15:00:00,24674.20,47.06,1004.59,31.61
2025-08-02 17:00:00,24675.00,45.30,1004.96,29.35
2025-08-02 19:00:00,24675.00,50.66,1006.14,25.58
2025-08-02 21:00:00,24675.00,53.64,1006.77,23.66
2025-08-02 23:00:00,24675.00,55.84,1007.05,21.90
2025-08-03 01:00:00,24675.00,57.41,1008.23,20.63
2025-08-03 03:00:00,24675.00,58.49,1008.55,18.91
2025-08-03 05:00:00,24675.00,59.17,1009.03,17.40
2025-08-03 07:00:00,24675.00,58.87,1010.65,16.40
2025-08-03 09:00:00,24674.00,56.32,1011.92,17.34
2025-08-03 11:00:00,24675.00,49.38,1012.23,20.91
2025-08-03 13:00:00,24675.00,41.55,1011.98,24.95
2025-08-03 15:00:00,24675.00,34.71,1010.51,29.99
2025-08-03 17:00:00,24675.00,29.38,1010.32,33.13
2025-08-03 19:00:00,24675.00,35.40,1011.64,24.47
2025-08-03 21:00:00,24675.00,38.54,1013.40,21.86
2025-08-03 23:00:00,24675.00,40.09,1014.35,20.11
2025-08-04 01:00:00,24675.00,41.27,1015.64,19.04
2025-08-04 03:00:00,24675.00,42.56,1016.03,17.70
2025-08-04 05:00:00,24674.60,41.18,1016.33,16.59
2025-08-04 07:00:00,24674.00,41.15,1019.22,15.94
2025-08-04 09:00:00,24674.00,42.37,1020.76,15.53
2025-08-04 11:00:00,24674.00,38.91,1021.80,18.09
2025-08-04 13:00:00,24675.00,31.91,1021.08,23.62
2025-08-04 15:00:00,24675.00,29.17,1019.88,26.30
2025-08-04 17:00:00,24675.00,26.78,1020.03,26.28
2025-08-04 19:00:00,24675.47,31.32,1021.15,20.72
2025-08-04 21:00:00,24675.69,35.43,1022.61,18.28
2025-08-04 23:00:00,24674.62,39.27,1023.37,16.43
2025-08-05 01:00:00,24674.00,42.20,1023.49,14.91
2025-08-05 03:00:00,24674.00,44.19,1023.11,13.61
2025-08-05 05:00:00,24674.21,45.75,1022.98,12.53
2025-08-05 07:00:00,24674.31,47.54,1023.39,11.40
2025-08-05 09:00:00,24674.00,48.23,1023.99,12.37
2025-08-05 11:00:00,24674.00,43.04,1024.28,16.75
2025-08-05 13:00:00,24674.38,35.72,1022.28,22.71
2025-08-05 15:00:00,24675.00,29.77,1020.24,27.92
2025-08-05 17:00:00,24675.54,24.53,1019.57,28.90
2025-08-05 19:00:00,24675.67,29.71,1019.91,21.28
2025-08-05 21:00:00,24676.00,34.40,1020.36,18.17
2025-08-05 23:00:00,24674.50,38.24,1020.36,16.54
2025-08-06 01:00:00,24674.00,41.25,1019.71,15.30
2025-08-06 03:00:00,24674.00,43.52,1018.98,14.16
2025-08-06 05:00:00,24674.13,46.08,1017.94,12.85
2025-08-06 07:00:00,24674.15,48.28,1017.93,12.11
2025-08-06 09:00:00,24674.00,50.06,1018.09,13.06
2025-08-06 11:00:00,24673.40,50.46,1017.85,16.97
2025-08-06 13:00:00,24674.62,47.19,1016.12,21.90
2025-08-06 15:00:00,24675.00,41.20,1014.28,27.02
2025-08-06 17:00:00,24675.00,32.20,1012.92,31.04
2025-08-06 19:00:00,24675.10,38.54,1013.47,22.67
2025-08-06 21:00:00,24675.14,43.57,1014.32,19.61
2025-08-06 23:00:00,24674.91,46.97,1014.38,18.36
2025-08-07 01:00:00,24674.25,49.14,1014.70,17.32
2025-08-07 03:00:00,24674.00,50.87,1014.54,16.71
2025-08-07 05:00:00,24674.00,54.03,1013.90,15.50
2025-08-07 07:00:00,24674.00,56.02,1014.44,15.13
2025-08-07 09:00:00,24674.00,57.19,1015.52,15.40
2025-08-07 11:00:00,24674.00,56.17,1016.50,16.77
2025-08-07 13:00:00,24674.14,52.72,1016.07,20.05
2025-08-07 15:00:00,24674.56,43.73,1014.96,25.22
2025-08-07 17:00:00,24675.00,36.36,1015.04,27.85
2025-08-07 19:00:00,24675.00,40.08,1015.81,20.92
2025-08-07 21:00:00,24675.11,43.82,1017.01,18.26
2025-08-07 23:00:00,24674.00,47.51,1018.24,16.33
2025-08-08 01:00:00,24674.00,49.96,1019.35,15.12
2025-08-08 03:00:00,24674.00,51.85,1019.35,13.30
2025-08-08 05:00:00,24674.00,52.53,1018.84,12.11
2025-08-08 07:00:00,24674.00,53.69,1019.77,11.23
2025-08-08 09:00:00,24674.00,55.06,1020.80,12.09
2025-08-08 11:00:00,24674.00,54.03,1021.39,13.98
2025-08-08 13:00:00,24673.00,49.63,1021.03,15.01
2025-08-08 15:00:00,24673.21,47.71,1020.32,15.28
2025-08-08 17:00:00,24673.40,46.59,1020.19,15.30
2025-08-08 19:00:00,24674.00,47.66,1020.37,14.74
2025-08-08 21:00:00,24674.00,48.72,1020.75,13.80
2025-08-08 23:00:00,24674.00,49.62,1020.89,12.91
2025-08-09 01:00:00,24674.00,51.10,1020.81,12.08
2025-08-09 03:00:00,24674.00,52.88,1020.27,11.10
2025-08-09 05:00:00,24674.07,54.19,1019.81,10.36
2025-08-09 07:00:00,24674.00,55.64,1020.50,9.74
2025-08-09 09:00:00,24674.00,56.21,1021.41,10.90
2025-08-09 11:00:00,24673.92,53.45,1021.99,14.48
2025-08-09 13:00:00,24674.00,44.00,1020.53,19.92
2025-08-09 15:00:00,24674.64,35.47,1018.50,24.45
2025-08-09 17:00:00,24675.18,29.33,1017.97,27.44
2025-08-09 19:00:00,24675.69,32.81,1018.04,19.71
2025-08-09 21:00:00,24674.53,36.01,1018.37,17.28
2025-08-09 23:00:00,24674.23,37.54,1018.59,15.18
2025-08-10 01:00:00,24674.13,39.86,1019.06,13.37
2025-08-10 03:00:00,24674.20,42.39,1018.80,11.82
2025-08-10 05:00:00,24674.62,44.21,1018.77,10.80
2025-08-10 07:00:00,24674.67,46.55,1019.21,9.82
2025-08-10 09:00:00,24674.00,47.76,1020.28,11.16
2025-08-10 11:00:00,24674.00,45.27,1021.22,15.71
2025-08-10 13:00:00,24674.08,36.48,1020.09,20.81
2025-08-10 15:00:00,24675.00,31.49,1018.03,24.88
2025-08-10 17:00:00,24675.00,26.76,1017.56,29.36
2025-08-10 19:00:00,24676.00,32.22,1018.47,21.47
2025-08-10 21:00:00,24675.71,35.72,1018.84,18.61
2025-08-10 23:00:00,24674.15,39.61,1018.80,16.38
2025-08-11 01:00:00,24674.00,41.55,1018.50,14.87
2025-08-11 03:00:00,24674.17,44.04,1017.84,13.50
2025-08-11 05:00:00,24674.57,46.09,1017.41,12.19
2025-08-11 07:00:00,24674.89,47.55,1018.20,11.22
2025-08-11 09:00:00,24674.00,48.52,1019.36,12.60
2025-08-11 11:00:00,24673.56,45.74,1019.56,18.13
2025-08-11 13:00:00,24674.50,40.79,1018.44,21.21
2025-08-11 15:00:00,24674.89,33.97,1016.33,25.54
2025-08-11 17:00:00,24675.09,28.97,1015.16,27.50
2025-08-11 19:00:00,24675.83,34.16,1014.99,21.78
2025-08-11 21:00:00,24676.00,37.14,1015.11,19.41
2025-08-11 23:00:00,24676.00,41.39,1015.01,17.24
2025-08-12 01:00:00,24674.45,44.81,1014.69,16.01
2025-08-12 03:00:00,24674.00,47.67,1013.73,14.70
2025-08-12 05:00:00,24674.00,49.58,1012.90,13.37
2025-08-12 07:00:00,24674.10,50.98,1012.94,12.76
2025-08-12 09:00:00,24674.00,52.77,1013.37,13.74
2025-08-12 11:00:00,24673.93,51.88,1013.00,18.00
2025-08-12 13:00:00,24674.29,43.60,1011.38,23.11
2025-08-12 15:00:00,24675.00,34.99,1009.36,27.25
2025-08-12 17:00:00,24674.82,29.34,1008.39,29.09
2025-08-12 19:00:00,24675.42,33.25,1008.50,23.41
2025-08-12 21:00:00,24675.57,39.45,1009.07,20.13
2025-08-12 23:00:00,24675.64,43.57,1009.99,18.41
2025-08-13 01:00:00,24675.56,46.07,1011.32,17.11
2025-08-13 03:00:00,24674.00,48.09,1011.51,15.79
2025-08-13 05:00:00,24674.00,49.41,1011.84,14.65
2025-08-13 07:00:00,24674.00,50.95,1012.86,13.78
2025-08-13 09:00:00,24674.00,51.50,1014.33,15.12
2025-08-13 11:00:00,24673.83,49.60,1015.60,20.15
2025-08-13 13:00:00,24675.00,39.89,1014.98,26.46
2025-08-13 15:00:00,24675.20,33.94,1014.22,30.42
2025-08-13 17:00:00,24675.20,31.13,1014.69,29.65
2025-08-13 19:00:00,24675.00,39.18,1016.66,22.48
2025-08-13 21:00:00,24675.50,43.52,1018.61,19.21
2025-08-13 23:00:00,24675.14,45.64,1019.39,17.44
2025-08-14 01:00:00,24674.57,46.22,1020.64,16.28
2025-08-14 03:00:00,24674.42,48.26,1020.67,13.97
2025-08-14 05:00:00,24674.89,49.44,1020.73,12.59
2025-08-14 07:00:00,24674.70,50.49,1021.72,11.40
2025-08-14 09:00:00,24674.25,50.38,1023.28,12.66
2025-08-14 11:00:00,24674.00,47.44,1023.67,16.01
2025-08-14 13:00:00,24674.50,42.85,1022.70,20.25
2025-08-14 15:00:00,24675.00,35.83,1021.26,25.92
2025-08-14 17:00:00,24675.45,29.00,1020.58,28.41
2025-08-14 19:00:00,24675.90,33.58,1020.81,20.71
2025-08-14 21:00:00,24674.85,38.98,1022.09,17.26
2025-08-14 23:00:00,24674.15,42.38,1022.59,15.36
2025-08-15 01:00:00,24674.45,44.67,1022.51,14.03
2025-08-15 03:00:00,24674.50,46.78,1021.98,12.80
2025-08-15 05:00:00,24675.00,49.81,1021.34,11.87
2025-08-15 07:00:00,24675.00,52.36,1021.44,11.18
2025-08-15 09:00:00,24674.07,53.88,1022.12,12.04
2025-08-15 11:00:00,24674.00,52.13,1021.47,15.48
2025-08-15 13:00:00,24674.00,46.63,1019.31,20.35
2025-08-15 15:00:00,24675.00,39.11,1016.46,25.24
2025-08-15 17:00:00,24675.69,40.04,1015.92,21.80
2025-08-15 19:00:00,24675.80,43.37,1015.62,19.86
2025-08-15 21:00:00,24675.20,45.16,1015.25,18.84
2025-08-15 23:00:00,24674.09,46.45,1015.09,17.99
2025-08-16 01:00:00,24674.00,48.22,1014.93,17.18
2025-08-16 03:00:00,24674.00,49.43,1014.14,16.68
2025-08-16 05:00:00,24674.00,51.29,1012.81,15.34
2025-08-16 07:00:00,24674.00,53.19,1013.29,14.48
2025-08-16 09:00:00,24674.00,54.50,1013.97,15.33
2025-08-16 11:00:00,24674.00,53.05,1012.43,19.78
2025-08-16 13:00:00,24674.89,49.08,1012.12,23.42
2025-08-16 15:00:00,24675.12,47.32,1011.50,24.36
2025-08-16 17:00:00,24675.00,40.26,1011.06,29.06
2025-08-16 19:00:00,24675.79,44.82,1011.82,21.87
2025-08-16 21:00:00,24675.75,48.05,1012.67,19.80
2025-08-16 23:00:00,24675.15,50.98,1013.32,18.40
2025-08-17 01:00:00,24674.50,53.71,1013.93,17.18
2025-08-17 03:00:00,24674.00,55.69,1014.05,16.01
2025-08-17 05:00:00,24674.00,56.65,1013.98,15.32
2025-08-17 07:00:00,24674.00,58.58,1014.73,14.83
2025-08-17 09:00:00,24674.00,58.60,1015.71,15.72
2025-08-17 11:00:00,24673.88,58.38,1015.81,17.01
2025-08-17 13:00:00,24674.00,54.33,1014.74,21.76
2025-08-17 15:00:00,24675.00,44.53,1012.57,28.02
2025-08-17 17:00:00,24674.86,34.93,1011.42,31.61
2025-08-17 19:00:00,24675.20,41.01,1011.72,23.79
2025-08-17 21:00:00,24675.33,45.60,1012.42,20.86
2025-08-17 23:00:00,24675.00,49.64,1012.53,19.55
2025-08-18 01:00:00,24675.00,53.39,1012.28,18.82
2025-08-18 03:00:00,24675.00,55.30,1011.90,18.67
2025-08-18 05:00:00,24675.00,57.18,1011.54,18.61
2025-08-18 07:00:00,24675.00,59.39,1011.48,18.41
2025-08-18 09:00:00,24675.00,60.53,1011.98,18.56
2025-08-18 11:00:00,24675.00,61.30,1012.10,19.42
2025-08-18 13:00:00,24675.00,61.11,1010.25,20.65
2025-08-18 15:00:00,24674.93,60.64,1008.38,21.19
2025-08-18 17:00:00,24675.00,59.74,1006.81,21.63
2025-08-18 19:00:00,24674.86,61.34,1006.43,20.30
2025-08-18 21:00:00,24675.00,62.03,1006.41,19.98
2025-08-18 23:00:00,24675.00,62.39,1006.17,19.36
2025-08-19 01:00:00,24675.00,62.74,1003.94,19.47
2025-08-19 03:00:00,24675.00,63.53,1001.97,19.43
2025-08-19 05:00:00,24675.00,64.32,1001.26,19.50
2025-08-19 07:00:00,24675.00,66.12,997.23,19.56
2025-08-19 09:00:00,24674.90,66.88,996.14,20.14
2025-08-19 11:00:00,24674.56,67.36,996.04,20.03
2025-08-19 13:00:00,24674.20,66.87,994.30,20.61
2025-08-19 15:00:00,24674.70,66.15,992.88,21.59
2025-08-19 17:00:00,24674.50,65.29,994.38,21.20
2025-08-19 19:00:00,24674.92,66.97,996.03,18.53
2025-08-19 21:00:00,24673.90,66.99,996.83,17.69
2025-08-19 23:00:00,24673.00,67.00,996.48,16.67
2025-08-20 01:00:00,24673.00,67.01,995.30,16.04
2025-08-20 03:00:00,24673.57,69.15,993.43,15.58
2025-08-20 05:00:00,24673.22,70.41,994.57,16.35
2025-08-20 07:00:00,24673.00,70.08,998.12,16.42
2025-08-20 09:00:00,24673.00,69.40,1000.74,16.89
2025-08-20 11:00:00,24673.00,67.29,1003.23,18.05
2025-08-20 13:00:00,24673.11,64.38,1004.61,20.27
2025-08-20 15:00:00,24674.25,56.62,1004.57,24.70
2025-08-20 17:00:00,24675.00,45.98,1004.83,26.95
2025-08-20 19:00:00,24675.00,48.65,1005.83,21.29
2025-08-20 21:00:00,24675.00,51.33,1007.32,19.26
2025-08-20 23:00:00,24675.00,52.89,1008.23,18.35
2025-08-21 01:00:00,24674.25,54.18,1008.83,17.39
2025-08-21 03:00:00,24674.00,56.58,1008.74,14.86
2025-08-21 05:00:00,24673.93,59.23,1008.94,14.20
2025-08-21 07:00:00,24673.93,59.56,1009.24,14.02
2025-08-21 09:00:00,24673.64,59.70,1009.58,15.84
2025-08-21 11:00:00,24673.00,56.78,1008.95,19.79
2025-08-21 13:00:00,24674.73,48.77,1006.80,24.83
2025-08-21 15:00:00,24674.50,40.90,1004.05,29.16
2025-08-21 17:00:00,24674.75,36.10,1001.44,29.55
2025-08-21 19:00:00,24674.47,40.42,1000.68,25.02
2025-08-21 21:00:00,24675.00,43.55,1000.12,23.14
2025-08-21 23:00:00,24675.00,47.06,999.42,22.07
2025-08-22 01:00:00,24675.00,51.12,997.84,21.69
2025-08-22 03:00:00,24675.00,54.70,995.83,21.22
2025-08-22 05:00:00,24675.00,58.50,993.87,21.18
2025-08-22 07:00:00,24675.00,60.68,994.55,20.87
2025-08-22 09:00:00,24675.00,60.71,995.59,22.05
2025-08-22 11:00:00,24674.67,59.04,995.98,25.69
2025-08-22 13:00:00,24674.64,54.17,994.48,30.83
2025-08-22 15:00:00,24675.75,46.66,993.42,33.99
2025-08-22 17:00:00,24676.00,45.56,995.22,30.84
2025-08-22 19:00:00,24675.42,47.12,997.89,26.78
2025-08-22 21:00:00,24674.60,50.22,1001.44,24.30
2025-08-22 23:00:00,24674.65,51.94,1003.51,21.94
2025-08-23 01:00:00,24674.70,53.31,1005.87,19.81
2025-08-23 03:00:00,24675.00,55.49,1009.13,17.56
2025-08-23 05:00:00,24675.00,56.03,1009.57,16.44
2025-08-23 07:00:00,24674.40,56.42,1012.57,15.76
2025-08-23 09:00:00,24673.89,55.77,1014.91,16.16
2025-08-23 11:00:00,24674.33,50.74,1016.20,18.00
2025-08-23 13:00:00,24674.18,42.59,1016.82,21.74
2025-08-23 15:00:00,24674.00,35.35,1016.13,26.01
2025-08-23 17:00:00,24674.85,28.11,1016.41,28.50
2025-08-23 19:00:00,24675.64,31.38,1018.19,20.76
2025-08-23 21:00:00,24675.75,34.42,1020.15,18.12
2025-08-23 23:00:00,24675.43,37.34,1021.74,16.42
2025-08-24 01:00:00,24674.11,39.23,1022.08,14.88
2025-08-24 03:00:00,24674.70,42.74,1021.41,13.22
2025-08-24 05:00:00,24674.67,43.73,1021.43,12.91
2025-08-24 07:00:00,24674.82,46.08,1021.84,11.36
2025-08-24 09:00:00,24674.00,47.21,1022.51,13.08
2025-08-24 11:00:00,24673.92,42.74,1022.54,16.88
2025-08-24 13:00:00,24674.36,35.92,1021.28,20.65
2025-08-24 15:00:00,24674.91,27.42,1018.76,26.80
2025-08-24 17:00:00,24674.88,21.16,1017.86,31.07
2025-08-24 19:00:00,24676.00,26.04,1017.97,21.54
2025-08-24 21:00:00,24676.00,32.14,1019.07,18.64
2025-08-24 23:00:00,24675.64,37.27,1018.83,16.26
2025-08-25 01:00:00,24674.00,42.74,1018.90,14.37
2025-08-25 03:00:00,24674.33,45.47,1018.62,12.69
2025-08-25 05:00:00,24674.36,47.18,1018.48,11.46
2025-08-25 07:00:00,24674.93,48.56,1018.98,11.45
2025-08-25 09:00:00,24674.00,48.84,1020.18,13.06
2025-08-25 11:00:00,24674.00,41.99,1020.08,18.68
2025-08-25 13:00:00,24674.86,34.93,1018.90,23.48
2025-08-25 15:00:00,24675.00,28.80,1017.47,28.90
2025-08-25 17:00:00,24675.00,23.84,1016.88,31.69
2025-08-25 19:00:00,24675.91,29.55,1017.72,23.59
2025-08-25 21:00:00,24675.91,36.98,1018.30,20.28
2025-08-25 23:00:00,24675.42,40.55,1019.14,18.47
2025-08-26 01:00:00,24675.56,43.28,1019.34,16.82
2025-08-26 03:00:00,24674.22,45.57,1019.17,15.90
2025-08-26 05:00:00,24674.77,47.32,1019.08,15.08
2025-08-26 07:00:00,24674.67,49.10,1020.02,13.88
2025-08-26 09:00:00,24674.00,49.61,1021.03,15.99
2025-08-26 11:00:00,24674.21,43.76,1021.02,20.17
2025-08-26 13:00:00,24675.00,34.68,1020.06,25.80
2025-08-26 15:00:00,24675.00,28.23,1018.81,30.72
2025-08-26 17:00:00,24675.08,23.32,1018.22,32.76
2025-08-26 19:00:00,24675.31,27.17,1018.66,25.89
2025-08-26 21:00:00,24676.00,31.89,1019.09,23.24
2025-08-26 23:00:00,24675.57,39.47,1019.51,20.90
2025-08-27 01:00:00,24675.78,42.10,1019.46,19.22
2025-08-27 03:00:00,24675.33,44.03,1019.25,17.69
2025-08-27 05:00:00,24674.67,45.35,1019.35,16.50
2025-08-27 07:00:00,24674.56,46.89,1020.27,15.51
2025-08-27 09:00:00,24674.00,47.40,1021.11,17.05
2025-08-27 11:00:00,24674.62,43.70,1021.09,21.63
2025-08-27 13:00:00,24675.00,37.45,1019.73,26.99
2025-08-27 15:00:00,24675.30,29.30,1017.67,33.37
2025-08-27 17:00:00,24675.80,23.81,1016.98,35.79
2025-08-27 19:00:00,24675.10,29.04,1017.61,27.64
2025-08-27 21:00:00,24675.75,33.98,1018.32,24.25
2025-08-27 23:00:00,24675.57,36.18,1018.33,22.00
2025-08-28 01:00:00,24675.50,39.59,1017.82,19.66
2025-08-28 03:00:00,24676.00,42.49,1017.32,18.38
2025-08-28 05:00:00,24675.00,46.37,1017.52,17.43
2025-08-28 07:00:00,24674.14,49.50,1017.90,16.54
2025-08-28 09:00:00,24674.00,51.08,1018.17,17.90
2025-08-28 11:00:00,24674.64,49.44,1017.67,22.85
2025-08-28 13:00:00,24675.00,43.63,1015.97,28.31
2025-08-28 15:00:00,24675.50,36.59,1013.92,33.43
2025-08-28 17:00:00,24676.45,29.12,1012.62,37.55
2025-08-28 19:00:00,24676.00,36.49,1012.69,29.17
2025-08-28 21:00:00,24675.36,42.03,1013.24,26.28
2025-08-28 23:00:00,24675.00,45.92,1013.25,24.33
2025-08-29 01:00:00,24675.00,48.92,1012.36,22.70
2025-08-29 03:00:00,24675.27,51.03,1011.45,21.40
2025-08-29 05:00:00,24675.00,52.48,1011.38,20.46
2025-08-29 07:00:00,24675.00,54.20,1011.87,19.29
2025-08-29 09:00:00,24675.00,54.93,1012.05,20.41
2025-08-29 11:00:00,24674.87,51.26,1011.24,24.92
2025-08-29 13:00:00,24674.80,44.75,1010.11,29.59
2025-08-29 15:00:00,24675.60,35.90,1008.10,34.42
2025-08-29 17:00:00,24676.00,29.05,1007.10,36.61
2025-08-29 19:00:00,24676.36,34.99,1007.44,29.64
2025-08-29 21:00:00,24675.67,40.89,1008.25,26.46
2025-08-29 23:00:00,24675.00,45.64,1008.55,24.71
2025-08-30 01:00:00,24675.00,49.14,1008.95,23.60
2025-08-30 03:00:00,24675.00,50.89,1009.20,22.82
2025-08-30 05:00:00,24675.00,52.87,1009.14,21.59
2025-08-30 07:00:00,24675.00,54.65,1009.97,21.06
2025-08-30 09:00:00,24675.00,54.84,1010.57,22.48
2025-08-30 11:00:00,24674.27,49.16,1009.88,27.55
2025-08-30 13:00:00,24675.12,42.13,1008.33,32.01
2025-08-30 15:00:00,24676.00,35.45,1006.54,36.45
2025-08-30 17:00:00,24676.00,34.24,1005.06,35.43
2025-08-30 19:00:00,24676.00,38.64,1004.96,31.49
2025-08-30 21:00:00,24676.06,43.17,1005.68,29.10
2025-08-30 23:00:00,24675.70,47.30,1005.85,27.21
2025-08-31 01:00:00,24675.00,50.51,1005.31,25.70
2025-08-31 03:00:00,24675.00,52.74,1004.32,24.74
2025-08-31 05:00:00,24675.00,53.75,1003.54,24.23
2025-08-31 07:00:00,24675.00,54.38,1004.10,23.77
2025-08-31 09:00:00,24675.00,54.96,1005.65,24.15
2025-08-31 11:00:00,24675.00,56.26,1005.75,23.17
2025-09-01 13:00:00,24675.00,63.19,1013.17,18.76
2025-09-01 15:00:00,24675.00,62.55,1013.08,18.79
2025-09-01 17:00:00,24675.00,61.38,1012.89,19.10
2025-09-01 19:00:00,24675.00,61.44,1012.85,18.92
2025-09-01 21:00:00,,62.12,1013.41,18.73
2025-09-01 23:00:00,24675.00,63.05,1012.97,18.62
2025-09-02 01:00:00,24675.00,63.55,1012.34,18.64
2025-09-02 03:00:00,24675.00,64.08,1011.53,18.71
2025-09-02 05:00:00,24675.00,65.44,1010.56,18.68
2025-09-02 07:00:00,24675.00,66.85,1010.07,18.98
2025-09-02 09:00:00,24675.00,67.43,1009.86,20.39
2025-09-02 11:00:00,24675.00,66.31,1009.33,22.21
2025-09-02 13:00:00,24675.00,64.40,1007.76,24.09
2025-09-02 15:00:00,24674.20,59.80,1005.75,26.39
2025-09-02 17:00:00,24674.54,62.25,1005.05,25.06
2025-09-02 19:00:00,24674.30,64.66,1005.29,24.35
2025-09-02 21:00:00,24674.69,66.02,1005.98,23.92
2025-09-02 23:00:00,24674.75,66.76,1005.90,23.69
2025-09-03 01:00:00,24674.56,67.37,1006.01,23.09
2025-09-03 03:00:00,24675.00,67.83,1005.66,22.49
2025-09-03 05:00:00,24674.83,67.81,1005.33,22.43
2025-09-03 07:00:00,24674.83,68.33,1005.77,22.21
2025-09-03 09:00:00,24674.83,68.70,1006.30,22.15
2025-09-03 11:00:00,24674.83,67.99,1006.63,22.97
2025-09-03 13:00:00,24674.75,66.80,1005.68,22.13
2025-09-03 15:00:00,24675.00,67.21,1005.03,20.72
2025-09-03 17:00:00,24674.88,66.39,1005.93,20.24
2025-09-03 19:00:00,24675.00,66.11,1007.79,19.51
2025-09-03 21:00:00,24675.00,65.96,1009.26,18.82
2025-09-03 23:00:00,24675.00,65.90,1010.32,17.75
2025-09-04 01:00:00,24675.00,65.38,1012.13,16.81
2025-09-04 03:00:00,24674.00,65.61,1012.36,16.08
2025-09-04 05:00:00,24674.00,64.13,1013.46,15.45
2025-09-04 07:00:00,24673.90,61.46,1015.45,15.00
2025-09-04 09:00:00,24673.43,59.06,1018.82,14.99
2025-09-04 11:00:00,24673.17,56.05,1019.47,17.12
2025-09-04 13:00:00,24674.40,49.74,1018.68,20.45
2025-09-04 15:00:00,24675.00,41.18,1017.83,24.05
2025-09-04 17:00:00,24675.00,31.60,1018.09,27.58
2025-09-04 19:00:00,24675.33,35.56,1019.49,18.56
2025-09-04 21:00:00,24674.33,39.46,1020.12,15.71
2025-09-04 23:00:00,,42.50,1021.58,13.91
2025-09-05 01:00:00,24674.50,44.92,1023.03,12.54
2025-09-05 03:00:00,,47.22,1022.80,10.69
2025-09-05 05:00:00,24674.00,48.93,1022.87,9.69
2025-09-05 07:00:00,24674.00,50.49,1023.02,8.88
2025-09-05 09:00:00,24674.00,49.99,1024.30,11.29
2025-09-05 11:00:00,24673.83,45.48,1025.02,15.03
2025-09-05 13:00:00,24673.64,38.76,1023.39,19.81
2025-09-05 15:00:00,24674.91,33.04,1021.56,24.98
2025-09-05 17:00:00,24675.29,27.33,1021.00,29.23
2025-09-05 19:00:00,24676.00,32.89,1021.87,19.34
2025-09-05 21:00:00,24675.25,38.02,1022.37,16.25
2025-09-05 23:00:00,24674.10,40.59,1023.23,14.62
2025-09-06 01:00:00,24674.17,42.51,1023.20,13.26
2025-09-06 03:00:00,24674.80,44.54,1022.60,11.90
2025-09-06 05:00:00,24674.56,46.19,1022.05,10.85
2025-09-06 07:00:00,24674.33,47.82,1023.24,9.88
2025-09-06 09:00:00,24674.00,48.32,1023.73,11.68
2025-09-06 11:00:00,24673.88,45.38,1023.39,16.52
2025-09-06 13:00:00,24674.45,38.56,1021.40,21.70
2025-09-06 15:00:00,24675.00,31.51,1019.40,26.85
2025-09-06 17:00:00,24675.15,26.25,1018.68,30.00
2025-09-06 19:00:00,24676.00,29.40,1018.99,21.96
2025-09-06 21:00:00,24675.90,34.81,1019.56,18.32
2025-09-06 23:00:00,24674.70,38.49,1019.78,15.83
2025-09-07 01:00:00,24674.67,40.05,1019.69,14.20
2025-09-07 03:00:00,24674.30,41.72,1018.73,12.73
2025-09-07 05:00:00,24674.60,43.01,1018.25,11.85
2025-09-07 07:00:00,24674.13,45.59,1018.66,10.93
2025-09-07 09:00:00,24674.00,47.64,1018.37,13.25
2025-09-07 11:00:00,24673.70,46.47,1017.62,18.44
2025-09-07 13:00:00,24674.83,41.02,1015.69,22.90
2025-09-07 15:00:00,24675.67,39.19,1013.72,23.41
2025-09-07 17:00:00,24675.62,38.99,1012.93,22.72
2025-09-07 19:00:00,24675.00,42.59,1012.34,20.87
2025-09-07 21:00:00,24675.00,45.86,1011.95,20.03
2025-09-07 23:00:00,24675.00,48.09,1011.73,19.60
2025-09-08 01:00:00,24675.00,50.26,1011.44,19.30
2025-09-08 03:00:00,24675.00,52.82,1009.91,18.76
2025-09-08 05:00:00,24675.00,56.29,1009.44,18.56
2025-09-08 07:00:00,24675.00,58.94,1009.39,18.15
2025-09-08 09:00:00,24674.55,61.21,1010.30,17.86
2025-09-08 11:00:00,24675.00,61.73,1009.86,18.65
2025-09-08 13:00:00,24675.00,62.14,1009.04,19.34
2025-09-08 15:00:00,24674.80,61.45,1007.52,20.42
2025-09-08 17:00:00,24675.00,59.72,1006.96,20.44
2025-09-08 19:00:00,24675.00,60.38,1008.06,19.70
2025-09-08 21:00:00,24675.00,61.29,1009.26,18.97
2025-09-08 23:00:00,,62.66,1010.11,18.40
2025-09-09 01:00:00,24674.71,63.55,1010.30,17.79
2025-09-09 03:00:00,24674.00,64.15,1010.35,17.00
2025-09-09 05:00:00,24674.00,64.16,1010.84,16.30
2025-09-09 07:00:00,24674.00,64.55,1012.22,15.54
2025-09-09 09:00:00,24673.83,63.75,1014.02,16.92
2025-09-09 11:00:00,24674.22,59.17,1014.50,20.33
2025-09-09 13:00:00,24674.00,48.66,1013.77,25.89
2025-09-09 15:00:00,24674.29,39.33,1012.33,29.80
2025-09-09 17:00:00,24675.67,31.97,1011.79,32.91
2025-09-09 19:00:00,24675.00,36.77,1012.48,25.44
2025-09-09 21:00:00,24675.00,42.17,1013.17,22.54
2025-09-09 23:00:00,24675.00,46.49,1012.97,20.24
2025-09-10 01:00:00,24675.00,48.78,1012.36,19.05
2025-09-10 03:00:00,24675.00,50.80,1011.43,17.63
2025-09-10 05:00:00,24674.20,52.48,1011.03,16.67
2025-09-10 07:00:00,24674.00,54.07,1011.18,16.17
2025-09-10 09:00:00,24674.00,54.81,1011.56,18.03
2025-09-10 11:00:00,24674.29,50.26,1011.44,23.02
2025-09-10 13:00:00,24674.27,41.49,1009.75,28.28
2025-09-10 15:00:00,24675.60,34.77,1008.47,33.04
2025-09-10 17:00:00,24676.75,28.48,1008.90,37.12
2025-09-10 19:00:00,24676.00,34.79,1009.14,28.74
2025-09-10 21:00:00,24675.10,40.54,1011.24,25.75
2025-09-10 23:00:00,24675.00,45.12,1013.28,23.83
2025-09-11 01:00:00,24675.00,47.86,1014.01,22.39
2025-09-11 03:00:00,24675.00,49.81,1014.35,21.43
2025-09-11 05:00:00,24675.00,51.87,1014.80,20.03
2025-09-11 07:00:00,24675.00,53.84,1016.35,18.87
2025-09-11 09:00:00,24675.00,52.44,1017.73,20.54
2025-09-11 11:00:00,24674.44,44.06,1018.21,24.40
2025-09-11 13:00:00,24674.89,34.55,1017.47,29.22
2025-09-11 15:00:00,24675.70,26.48,1015.79,34.40
2025-09-11 17:00:00,24676.50,20.24,1015.08,39.27
2025-09-11 19:00:00,24676.00,26.28,1016.10,28.83
2025-09-11 21:00:00,24675.75,31.26,1017.23,24.97
2025-09-11 23:00:00,24675.11,34.99,1017.45,22.37
2025-09-12 01:00:00,24675.69,37.70,1016.97,20.25
2025-09-12 03:00:00,24676.00,39.14,1015.98,19.21
2025-09-12 05:00:00,24675.23,40.82,1015.94,17.87
2025-09-12 07:00:00,24674.71,43.63,1017.28,16.33
2025-09-12 09:00:00,24674.07,44.47,1017.98,18.83
2025-09-12 11:00:00,24674.75,40.07,1017.85,23.59
2025-09-12 13:00:00,24674.58,32.89,1016.09,28.50
2025-09-12 15:00:00,24675.29,27.55,1014.33,32.47
2025-09-12 17:00:00,24675.27,22.95,1012.97,35.33
2025-09-12 19:00:00,24675.33,28.24,1013.00,26.72
2025-09-12 21:00:00,24675.60,32.65,1013.25,23.47
2025-09-12 23:00:00,24675.33,35.30,1013.24,21.29
2025-09-13 01:00:00,24675.79,38.74,1012.47,18.97
2025-09-13 03:00:00,24675.90,41.62,1011.36,17.36
2025-09-13 05:00:00,24675.00,45.32,1010.90,16.20
2025-09-13 07:00:00,24675.00,47.60,1011.14,15.00
2025-09-13 09:00:00,24674.45,47.90,1011.44,17.00
2025-09-13 11:00:00,24674.33,44.76,1010.70,22.05
2025-09-13 13:00:00,24675.00,39.37,1008.89,28.08
2025-09-13 15:00:00,24675.31,33.47,1006.25,33.31
2025-09-13 17:00:00,24675.78,29.33,1005.52,36.15
2025-09-13 19:00:00,24676.00,36.13,1006.13,29.63
2025-09-13 21:00:00,24675.50,40.88,1006.94,26.97
2025-09-13 23:00:00,24675.00,43.94,1007.43,25.08
2025-09-14 01:00:00,24675.00,45.64,1007.52,23.99
2025-09-14 03:00:00,24675.00,46.61,1007.37,23.17
2025-09-14 05:00:00,24675.00,48.03,1007.81,22.26
2025-09-14 07:00:00,24675.00,49.45,1009.46,21.65
2025-09-14 09:00:00,24674.92,48.86,1011.11,23.08
2025-09-14 11:00:00,24674.25,44.21,1010.84,27.37
2025-09-14 13:00:00,24675.45,37.53,1009.21,33.08
2025-09-14 15:00:00,24676.00,30.42,1007.23,38.41
2025-09-14 17:00:00,24676.00,25.25,1006.81,41.33
2025-09-14 19:00:00,24676.00,32.10,1006.94,33.93
2025-09-14 21:00:00,24676.00,38.34,1006.68,30.93
2025-09-14 23:00:00,24676.00,42.54,1007.42,29.41
2025-09-15 01:00:00,24675.44,47.86,1007.21,27.60
2025-09-15 03:00:00,24675.00,51.09,1006.20,26.22
2025-09-15 05:00:00,24675.00,53.18,1006.41,25.61
2025-09-15 07:00:00,24675.00,55.66,1008.04,24.75
2025-09-15 09:00:00,24675.00,57.83,1010.22,24.24
2025-09-15 11:00:00,24675.00,59.02,1011.41,24.73
2025-09-15 13:00:00,24675.00,60.09,1011.63,24.14
2025-09-15 15:00:00,24675.00,60.76,1010.40,23.80
2025-09-15 17:00:00,24675.00,61.30,1009.96,23.15
2025-09-15 19:00:00,24675.00,61.24,1009.65,22.62
2025-09-15 21:00:00,24675.00,62.27,1011.61,21.71
2025-09-15 23:00:00,24675.00,63.36,1012.46,21.32
2025-09-16 01:00:00,24675.00,63.12,1012.50,21.02
2025-09-16 03:00:00,24675.00,63.05,1011.81,19.69
2025-09-16 05:00:00,24675.00,63.26,1011.68,18.66
2025-09-16 07:00:00,24675.00,63.10,1012.72,18.40
2025-09-16 09:00:00,24675.00,62.24,1013.56,20.44
2025-09-16 11:00:00,24674.33,60.21,1013.25,24.16
2025-09-16 13:00:00,24674.44,54.16,1012.23,28.20
2025-09-16 15:00:00,24675.91,43.55,1010.32,33.38
2025-09-16 17:00:00,24676.40,35.21,1009.19,38.17
2025-09-16 19:00:00,24676.36,40.23,1009.41,29.97
2025-09-16 21:00:00,24675.73,45.50,1010.14,26.92
2025-09-16 23:00:00,24675.00,48.41,1010.65,24.65
2025-09-17 01:00:00,24675.00,51.01,1010.66,22.80
2025-09-17 03:00:00,24675.00,53.14,1010.00,21.41
2025-09-17 05:00:00,24675.00,54.89,1010.32,20.16
2025-09-17 07:00:00,24675.00,55.85,1011.32,19.20
2025-09-17 09:00:00,24675.00,56.51,1012.13,20.99
2025-09-17 11:00:00,24674.47,55.30,1012.03,24.23
2025-09-17 13:00:00,24674.11,48.56,1010.49,29.86
2025-09-17 15:00:00,24675.73,39.16,1008.34,35.44
2025-09-17 17:00:00,24676.33,30.85,1007.62,39.93
2025-09-17 19:00:00,24676.30,35.94,1008.37,31.57
2025-09-17 21:00:00,24676.00,41.17,1009.32,28.35
2025-09-17 23:00:00,24675.15,44.73,1009.19,26.43
2025-09-18 01:00:00,24675.00,47.54,1008.80,24.84
2025-09-18 03:00:00,24675.00,49.96,1008.08,23.90
2025-09-18 05:00:00,24675.00,53.13,1007.03,22.68
2025-09-18 07:00:00,24675.00,55.48,1008.23,22.17
2025-09-18 09:00:00,24675.00,55.51,1009.66,23.70
2025-09-18 11:00:00,24675.00,57.01,1011.00,23.16
2025-09-18 13:00:00,24675.00,60.17,1009.78,22.12
2025-09-18 15:00:00,24675.00,59.62,1007.47,22.54
2025-09-18 17:00:00,24675.00,60.74,1006.40,22.52
2025-09-18 19:00:00,24675.00,61.43,1006.39,22.15
2025-09-18 21:00:00,24675.00,62.28,1006.34,21.94
2025-09-18 23:00:00,24675.00,62.67,1006.43,21.70
2025-09-19 01:00:00,24675.00,62.75,1005.81,20.89
2025-09-19 03:00:00,24675.00,63.29,1004.88,20.41
2025-09-19 05:00:00,24675.00,63.74,1004.60,19.91
2025-09-19 07:00:00,24675.00,63.93,1005.30,20.21
2025-09-19 09:00:00,24674.82,63.33,1006.00,23.64
2025-09-19 11:00:00,24674.12,59.02,1005.59,28.04
2025-09-19 13:00:00,24675.38,49.32,1004.68,32.32
2025-09-19 15:00:00,24676.00,48.71,1003.71,29.74
2025-09-19 17:00:00,24676.00,53.86,1004.10,28.08
2025-09-19 19:00:00,24675.42,58.22,1003.70,26.54
2025-09-19 21:00:00,24675.00,60.79,1004.24,25.27
2025-09-19 23:00:00,24674.86,62.37,1005.80,24.97
2025-09-20 01:00:00,24674.90,63.34,1006.80,24.76
2025-09-20 03:00:00,24674.75,64.67,1006.27,24.18
2025-09-20 05:00:00,24675.00,65.71,1004.82,23.51
2025-09-20 07:00:00,24675.00,67.02,1004.71,23.22
2025-09-20 09:00:00,24675.00,68.49,1005.73,23.00
2025-09-20 11:00:00,24675.00,68.50,1006.17,22.88
2025-09-20 13:00:00,24675.00,67.35,1005.69,23.72
2025-09-20 15:00:00,24675.00,67.26,1003.22,23.09
2025-09-20 17:00:00,24675.00,67.05,998.06,23.15
2025-09-20 19:00:00,24675.00,66.89,997.67,22.62
2025-09-20 21:00:00,24675.00,67.39,996.32,22.07
2025-09-20 23:00:00,24675.00,67.84,996.19,21.99
2025-09-21 01:00:00,24675.00,67.83,995.42,22.11
2025-09-21 03:00:00,24675.00,68.82,997.16,21.56
2025-09-21 05:00:00,24674.57,69.45,993.99,21.23
2025-09-21 07:00:00,24674.00,69.82,994.87,21.25
2025-09-21 09:00:00,24674.64,68.86,996.43,22.93
2025-09-21 11:00:00,24673.79,65.92,996.60,25.51
2025-09-21 13:00:00,24674.00,63.42,996.79,25.15
2025-09-21 15:00:00,24674.00,59.27,996.76,25.64
2025-09-21 17:00:00,24674.00,58.38,997.46,24.08
2025-09-21 19:00:00,24674.58,57.97,998.27,22.89
2025-09-21 21:00:00,24675.00,57.72,1001.02,20.95
2025-09-21 23:00:00,24675.00,57.69,1003.45,20.00
2025-09-22 01:00:00,24675.00,58.20,1003.79,19.26
2025-09-22 03:00:00,24675.00,58.73,1003.42,18.16
2025-09-22 05:00:00,24674.47,59.75,1004.50,16.85
2025-09-22 07:00:00,24674.00,60.82,1006.01,16.42
2025-09-22 09:00:00,24673.78,58.70,1007.01,18.57
2025-09-22 11:00:00,24674.17,52.34,1007.77,22.05
2025-09-22 13:00:00,24674.00,42.38,1008.17,25.64
2025-09-22 15:00:00,24674.62,34.92,1007.34,28.31
2025-09-22 17:00:00,24674.33,29.42,1007.05,31.00
2025-09-22 19:00:00,24674.91,33.10,1008.30,25.21
2025-09-22 21:00:00,24675.00,36.83,1009.37,23.13
2025-09-22 23:00:00,24675.00,41.00,1010.34,20.50
2025-09-23 01:00:00,24675.00,44.13,1011.36,19.31
2025-09-23 03:00:00,24675.25,45.85,1011.80,18.45
2025-09-23 05:00:00,24674.75,48.83,1012.17,16.62
2025-09-23 07:00:00,24674.10,51.30,1013.55,16.49
2025-09-23 09:00:00,24674.33,49.76,1015.00,19.73
2025-09-23 11:00:00,24674.12,44.50,1015.23,23.69
2025-09-23 13:00:00,24674.11,35.37,1014.48,28.94
2025-09-23 15:00:00,24676.11,29.74,1013.37,32.77
2025-09-23 17:00:00,24676.69,24.23,1013.45,36.56
2025-09-23 19:00:00,24675.92,28.25,1015.07,29.00
2025-09-23 21:00:00,24675.00,34.33,1017.20,25.96
2025-09-23 23:00:00,24675.00,38.39,1018.48,23.79
2025-09-24 01:00:00,24675.08,41.12,1019.63,22.06
2025-09-24 03:00:00,24675.33,43.32,1020.13,20.47
2025-09-24 05:00:00,24675.00,46.42,1021.27,18.79
2025-09-24 07:00:00,24675.00,47.46,1023.30,18.35
2025-09-24 09:00:00,24675.00,45.97,1025.30,21.00
2025-09-24 11:00:00,24674.54,39.29,1025.91,25.38
2025-09-24 13:00:00,24674.90,30.75,1024.87,30.88
2025-09-24 15:00:00,24675.89,25.18,1023.40,35.17
2025-09-24 17:00:00,24676.00,20.89,1022.77,38.19
2025-09-24 19:00:00,24675.80,27.64,1022.93,28.58
2025-09-24 21:00:00,24675.30,32.43,1023.54,24.98
2025-09-24 23:00:00,24675.60,36.42,1023.90,22.66
2025-09-25 01:00:00,24675.38,39.37,1023.66,20.64
2025-09-25 03:00:00,24675.83,42.38,1023.18,18.76
2025-09-25 05:00:00,24675.67,46.43,1023.12,17.23
2025-09-25 07:00:00,24674.75,49.31,1024.58,16.88
2025-09-25 09:00:00,24674.36,49.59,1025.47,18.00
2025-09-25 11:00:00,24675.00,44.19,1024.89,22.29
2025-09-25 13:00:00,24674.25,36.52,1022.63,27.84
2025-09-25 15:00:00,24674.71,31.94,1020.21,31.96
2025-09-25 17:00:00,24675.54,26.85,1018.73,36.22
2025-09-25 19:00:00,24675.83,31.86,1018.67,27.93
2025-09-25 21:00:00,24675.00,36.46,1018.79,24.06
2025-09-25 23:00:00,24675.15,38.80,1018.44,21.61
2025-09-26 01:00:00,24675.12,41.00,1017.51,19.67
2025-09-26 03:00:00,24675.40,43.16,1016.26,18.72
2025-09-26 05:00:00,24675.36,46.44,1014.89,17.21
2025-09-26 07:00:00,24674.82,49.50,1014.65,16.56
2025-09-26 09:00:00,24674.25,48.92,1014.90,19.58
2025-09-26 11:00:00,24675.00,44.66,1013.92,24.53
2025-09-26 13:00:00,24674.29,38.08,1011.21,29.73
2025-09-26 15:00:00,24675.36,32.70,1007.95,33.69
2025-09-26 17:00:00,24676.00,28.18,1005.91,36.39
2025-09-26 19:00:00,24675.88,32.86,1005.85,29.27
2025-09-26 21:00:00,24675.12,38.07,1006.30,26.00
2025-09-26 23:00:00,24675.00,41.69,1006.50,24.10
2025-09-27 01:00:00,24675.00,44.11,1005.82,22.97
2025-09-27 03:00:00,24675.00,46.51,1003.29,21.62
2025-09-27 05:00:00,24675.00,48.05,1002.53,21.33
2025-09-27 07:00:00,24675.00,50.83,1003.67,20.88
2025-09-27 09:00:00,24675.00,53.99,1008.38,21.35
2025-09-27 11:00:00,24675.00,58.17,1007.41,20.87
2025-09-27 13:00:00,24675.00,60.54,1006.84,20.93
2025-09-27 15:00:00,24675.00,61.60,1007.12,20.83
2025-09-27 17:00:00,24674.82,59.33,1007.76,22.10
2025-09-27 19:00:00,24675.00,55.21,1008.91,21.16
2025-09-27 21:00:00,24675.00,54.31,1010.20,20.54
2025-09-27 23:00:00,24675.00,55.02,1010.64,20.24
2025-09-28 01:00:00,24675.00,55.62,1010.74,19.82
2025-09-28 03:00:00,24675.00,57.30,1010.69,18.17
2025-09-28 05:00:00,24675.00,58.36,1010.80,17.18
2025-09-28 07:00:00,24674.50,58.87,1011.62,17.07
2025-09-28 09:00:00,24674.33,57.61,1012.48,18.46
2025-09-28 11:00:00,24674.27,50.97,1012.35,22.69
2025-09-28 13:00:00,24674.00,43.89,1011.51,26.14
2025-09-28 15:00:00,24675.17,35.60,1009.93,30.56
2025-09-28 17:00:00,24676.64,25.88,1009.20,36.74
2025-09-28 19:00:00,24675.88,29.23,1009.16,28.13
2025-09-28 21:00:00,24675.83,35.97,1009.68,24.92
2025-09-28 23:00:00,24675.50,40.99,1010.60,22.81
2025-09-29 01:00:00,24675.30,44.89,1010.92,20.93
2025-09-29 03:00:00,24675.67,46.99,1010.39,19.19
2025-09-29 05:00:00,24675.08,48.73,1010.14,17.97
2025-09-29 07:00:00,24674.56,49.67,1011.02,17.12
2025-09-29 09:00:00,24674.53,49.29,1011.75,19.80
2025-09-29 11:00:00,24674.89,44.69,1011.17,24.96
2025-09-29 13:00:00,24674.10,38.17,1008.71,29.95
2025-09-29 15:00:00,24675.91,32.49,1007.13,33.64
2025-09-29 17:00:00,24676.00,29.40,1006.20,34.70
2025-09-29 19:00:00,24676.38,33.13,1006.63,30.90
2025-09-29 21:00:00,24676.08,39.23,1007.57,28.11
2025-09-29 23:00:00,24675.71,42.01,1008.42,27.27
2025-09-30 01:00:00,24675.00,43.62,1008.24,26.46
2025-09-30 03:00:00,24675.00,45.10,1007.10,25.83
2025-09-30 05:00:00,24675.00,47.17,1006.56,24.56
2025-09-30 07:00:00,24675.00,47.83,1007.84,24.03
2025-09-30 09:00:00,24675.00,48.80,1010.86,24.00
2025-09-30 11:00:00,24675.00,47.75,1011.59,25.37
2025-10-01 13:00:00,24674.00,40.64,1017.44,30.93
2025-10-01 15:00:00,24675.85,36.09,1015.91,34.22
2025-10-01 17:00:00,24676.00,34.68,1015.69,33.17
2025-10-01 19:00:00,24676.20,38.62,1015.99,29.77
2025-10-01 21:00:00,24675.60,43.15,1016.55,26.72
2025-10-01 23:00:00,24675.00,45.99,1016.80,25.11
2025-10-02 01:00:00,24675.00,48.83,1015.71,23.31
2025-10-02 03:00:00,24675.00,51.02,1014.99,22.02
2025-10-02 05:00:00,24675.09,52.63,1015.03,20.79
2025-10-02 07:00:00,24675.00,53.53,1016.14,20.63
2025-10-02 09:00:00,24675.00,53.15,1016.42,22.25
2025-10-02 11:00:00,24674.30,49.03,1015.40,26.57
2025-10-02 13:00:00,24674.83,41.92,1013.54,31.90
2025-10-02 15:00:00,24675.90,37.00,1011.67,34.82
2025-10-02 17:00:00,24676.00,36.59,1010.62,33.90
2025-10-02 19:00:00,24676.00,40.07,1011.29,31.77
2025-10-02 21:00:00,24676.00,43.12,1011.57,30.10
2025-10-02 23:00:00,24676.00,47.07,1011.03,27.80
2025-10-03 01:00:00,24675.50,50.80,1010.15,25.94
2025-10-03 03:00:00,24675.00,52.24,1009.20,25.10
2025-10-03 05:00:00,24675.00,54.05,1008.71,24.28
2025-10-03 07:00:00,24675.00,54.93,1009.04,24.69
2025-10-03 09:00:00,24674.55,54.69,1009.68,26.49
2025-10-03 11:00:00,24674.70,50.87,1008.99,30.13
2025-10-03 13:00:00,24675.91,45.00,1007.61,33.34
2025-10-03 15:00:00,24676.25,37.55,1005.01,35.20
2025-10-03 17:00:00,24675.80,33.63,1004.08,37.29
2025-10-03 19:00:00,24675.33,37.92,1004.57,33.36
2025-10-03 21:00:00,24675.77,43.99,1004.95,30.71
2025-10-03 23:00:00,24675.00,47.91,1004.67,28.53
2025-10-04 01:00:00,24675.86,51.33,1004.53,27.51
2025-10-04 03:00:00,24675.67,53.97,1003.47,26.30
2025-10-04 05:00:00,24675.30,55.26,1003.05,25.72
2025-10-04 07:00:00,24675.00,56.40,1003.75,25.42
2025-10-04 09:00:00,24675.00,56.63,1003.81,27.38
2025-10-04 11:00:00,24675.27,51.37,1002.93,31.82
2025-10-04 13:00:00,24676.00,45.77,1001.12,35.27
2025-10-04 15:00:00,24677.07,40.20,999.15,38.01
2025-10-04 17:00:00,24677.00,33.36,998.00,41.77
2025-10-04 19:00:00,24676.67,39.91,998.22,35.23
2025-10-04 21:00:00,24675.38,46.25,998.61,32.30
2025-10-04 23:00:00,24675.00,49.61,999.09,30.84
2025-10-05 01:00:00,24675.00,52.17,998.43,29.86
2025-10-05 03:00:00,24675.00,53.91,996.93,29.15
2025-10-05 05:00:00,24675.11,55.80,995.41,28.14
2025-10-05 07:00:00,24676.00,54.40,995.92,29.09
2025-10-05 09:00:00,24675.77,50.78,996.54,31.33
2025-10-05 11:00:00,24676.00,45.94,998.78,34.13
2025-10-05 13:00:00,24677.08,38.78,997.27,38.78
2025-10-05 15:00:00,24678.00,34.26,996.25,41.13
2025-10-05 17:00:00,24677.70,34.57,996.05,39.94
2025-10-05 19:00:00,24675.71,40.54,998.38,32.88
2025-10-05 21:00:00,24674.83,43.31,1001.32,30.13
2025-10-05 23:00:00,24675.09,46.79,1003.91,28.18
2025-10-06 01:00:00,24675.21,50.08,1004.96,25.31
2025-10-06 03:00:00,24675.00,52.25,1005.79,22.68
2025-10-06 05:00:00,24675.00,51.31,1008.15,20.72
2025-10-06 07:00:00,24675.00,50.51,1010.51,19.75
2025-10-06 09:00:00,24674.92,47.46,1012.87,20.29
2025-10-06 11:00:00,24675.00,42.74,1013.36,22.49
2025-10-06 13:00:00,24674.82,37.35,1012.73,24.94
2025-10-06 15:00:00,24675.00,31.89,1012.07,26.28
2025-10-06 17:00:00,24675.00,30.47,1012.26,25.62
2025-10-06 19:00:00,24675.20,30.86,1013.29,23.61
2025-10-06 21:00:00,24675.22,33.81,1015.02,21.38
2025-10-06 23:00:00,24675.20,36.95,1016.27,19.91
2025-10-07 01:00:00,24675.67,39.53,1016.93,18.88
2025-10-07 03:00:00,24676.00,42.31,1016.33,17.31
2025-10-07 05:00:00,24676.00,43.17,1016.42,16.57
2025-10-07 07:00:00,24675.00,44.98,1017.54,16.47
2025-10-07 09:00:00,24675.00,44.23,1018.44,18.67
2025-10-07 11:00:00,24675.00,35.66,1018.09,23.57
2025-10-07 13:00:00,24674.90,28.61,1016.49,29.11
2025-10-07 15:00:00,24675.80,23.48,1014.86,33.11
2025-10-07 17:00:00,24676.00,20.08,1014.31,36.18
2025-10-07 19:00:00,24676.33,,,
2025-10-07 21:00:00,24676.12,28.09,1016.37,25.06
2025-10-07 23:00:00,24676.00,32.08,1017.04,22.79
2025-10-08 01:00:00,24675.75,34.50,1017.01,21.08
2025-10-08 03:00:00,24676.00,37.94,1016.95,19.06
2025-10-08 05:00:00,24676.00,40.60,1017.10,17.67
2025-10-08 07:00:00,24676.00,41.87,1018.16,17.42
2025-10-08 09:00:00,,40.75,1019.37,21.02
2025-10-08 11:00:00,24674.75,34.12,1019.03,26.69
2025-10-08 13:00:00,24676.00,29.40,1018.11,30.33
2025-10-08 15:00:00,,,,
2025-10-08 17:00:00,,,,
2025-10-08 23:00:00,24676.00,,,
2025-10-09 05:00:00,,,,
2025-10-09 07:00:00,,,,
2025-10-09 09:00:00,24675.00,40.10,1015.62,21.80
2025-10-09 11:00:00,,,,
2025-10-10 05:00:00,,,,
2025-10-10 07:00:00,,43.80,1011.48,22.39
2025-10-10 09:00:00,,,,
2025-10-10 11:00:00,24674.67,38.80,1011.55,30.10
2025-10-10 13:00:00,,,,
2025-10-11 01:00:00,,,,
2025-10-11 05:00:00,,,,
2025-10-11 09:00:00,,47.60,1003.00,26.62
2025-10-12 03:00:00,,49.45,998.06,28.00
2025-10-12 07:00:00,24675.00,,,
2025-10-12 09:00:00,,,,
2025-10-12 11:00:00,,,,
2025-10-12 13:00:00,,,,
2025-10-12 19:00:00,,,,
2025-10-13 11:00:00,24675.00,37.85,1005.02,26.51
2025-10-13 13:00:00,,,,
2025-10-13 17:00:00,24677.00,18.10,1004.22,36.19
2025-10-13 19:00:00,,,,
2025-10-13 23:00:00,24677.00,31.80,1007.79,24.40
2025-10-14 01:00:00,24676.00,35.00,1007.82,23.70
2025-10-14 03:00:00,24676.00,41.10,1008.07,22.32
2025-10-14 05:00:00,24676.00,45.20,1009.44,20.43
2025-10-14 07:00:00,,,,
2025-10-14 09:00:00,24675.20,40.27,1011.39,25.04
2025-10-14 11:00:00,24675.38,31.38,1011.33,30.59
2025-10-14 13:00:00,24676.44,22.63,1010.09,35.41
2025-10-14 15:00:00,24677.00,19.16,1008.55,37.86
2025-10-14 17:00:00,24677.56,16.20,1007.54,41.13
2025-10-14 19:00:00,24677.67,19.56,1008.04,34.13
2025-10-14 21:00:00,24677.00,24.00,1009.19,29.85
2025-10-14 23:00:00,24677.00,28.02,1009.04,26.95
2025-10-15 01:00:00,24676.81,32.44,1008.79,24.97
2025-10-15 03:00:00,24676.00,35.79,1008.33,23.65
2025-10-15 05:00:00,24675.62,40.04,1008.21,21.54
2025-10-15 07:00:00,24675.92,43.14,1008.27,21.20
2025-10-15 09:00:00,24676.00,41.05,1007.99,24.98
2025-10-15 11:00:00,24675.75,35.39,1007.12,30.26
2025-10-15 13:00:00,24676.00,30.35,1005.80,33.60
2025-10-15 15:00:00,24677.00,27.01,1003.43,36.60
2025-10-15 17:00:00,24678.00,25.85,1002.24,37.02
2025-10-15 19:00:00,24677.50,28.42,1002.69,34.00
2025-10-15 21:00:00,24676.93,31.95,1003.32,32.38
2025-10-15 23:00:00,24676.31,35.64,1003.87,30.91
2025-10-16 01:00:00,24676.75,39.01,1003.75,29.59
2025-10-16 03:00:00,24676.92,41.84,1003.26,28.91
2025-10-16 05:00:00,24676.67,45.11,1003.65,27.95
2025-10-16 07:00:00,24676.18,47.98,1005.53,27.07
2025-10-16 09:00:00,24676.00,49.03,1006.40,27.64
2025-10-16 11:00:00,24676.00,48.21,1006.74,29.98
2025-10-16 13:00:00,24675.86,45.15,1005.69,33.08
2025-10-16 15:00:00,24676.00,41.94,1004.38,35.20
2025-10-16 17:00:00,24676.29,38.69,1003.45,36.77
2025-10-16 19:00:00,24676.27,40.67,1003.28,33.82
2025-10-16 21:00:00,24676.22,44.48,1004.17,31.77
2025-10-16 23:00:00,24676.00,47.20,1004.05,30.54
2025-10-17 01:00:00,24676.00,50.76,1004.37,28.70
2025-10-17 03:00:00,24676.00,52.60,1004.79,27.75
2025-10-17 05:00:00,24676.00,54.18,1005.11,27.52
2025-10-17 07:00:00,24676.00,55.09,1005.34,27.28
2025-10-17 09:00:00,24676.00,53.29,1006.36,29.32
2025-10-17 11:00:00,24675.85,47.48,1006.67,32.25
2025-10-17 13:00:00,24676.00,37.82,1005.29,36.40
2025-10-17 15:00:00,24677.12,31.81,1003.72,39.22
2025-10-17 17:00:00,24676.27,36.41,1004.29,34.54
2025-10-17 19:00:00,24675.92,42.59,1006.62,30.71
2025-10-17 21:00:00,24676.00,45.27,1009.03,27.64
2025-10-17 23:00:00,24676.00,47.91,1010.10,25.46
2025-10-18 01:00:00,24675.20,49.27,1010.22,24.97
2025-10-18 03:00:00,24675.00,50.56,1010.58,23.09
2025-10-18 05:00:00,24675.00,50.84,1012.58,21.38
2025-10-18 07:00:00,24675.00,51.16,1014.93,20.17
2025-10-18 09:00:00,24675.00,50.21,1016.45,23.01
2025-10-18 11:00:00,24675.00,43.05,1017.00,27.63
2025-10-18 13:00:00,24675.91,27.92,1016.23,33.27
2025-10-18 15:00:00,24676.31,21.84,1015.52,35.98
2025-10-18 17:00:00,24676.14,18.21,1015.56,38.50
2025-10-18 19:00:00,24676.78,20.49,1016.44,31.17
2025-10-18 21:00:00,24676.83,24.57,1017.79,27.13
2025-10-18 23:00:00,24676.00,28.66,1018.43,24.27
2025-10-19 01:00:00,24675.80,31.72,1018.29,22.30
2025-10-19 03:00:00,24676.00,34.77,1018.38,19.82
2025-10-19 05:00:00,24676.00,36.32,1019.17,18.47
2025-10-19 07:00:00,24676.00,38.89,1020.78,18.41
2025-10-19 09:00:00,24676.00,37.82,1021.50,21.02
2025-10-19 11:00:00,24675.07,31.62,1020.26,26.08
2025-10-19 13:00:00,24675.90,26.32,1018.79,30.64
2025-10-19 15:00:00,24676.90,21.56,1016.81,34.04
2025-10-19 17:00:00,24677.00,18.38,1015.24,36.73
2025-10-19 19:00:00,24677.00,21.82,1015.48,29.38
2025-10-19 21:00:00,24677.00,26.16,1016.16,26.27
2025-10-19 23:00:00,24676.27,29.73,1016.62,24.23
2025-10-20 01:00:00,24676.00,33.86,1016.03,21.94
2025-10-20 03:00:00,24676.00,37.26,1016.29,20.24
2025-10-20 05:00:00,24676.00,41.69,1016.80,18.45
2025-10-20 07:00:00,24676.00,44.79,1017.73,18.20
2025-10-20 09:00:00,24676.00,42.35,1017.78,21.42
2025-10-20 11:00:00,24675.00,35.16,1016.94,27.33
2025-10-20 13:00:00,24675.70,29.14,1014.98,31.83
2025-10-20 15:00:00,24676.36,25.54,1012.94,34.54
2025-10-20 17:00:00,24676.81,23.28,1012.02,35.72
2025-10-20 19:00:00,24676.90,26.52,1012.54,30.89
2025-10-20 21:00:00,24677.00,30.82,1013.43,28.73
2025-10-20 23:00:00,24677.00,34.25,1013.96,26.55
2025-10-21 01:00:00,24676.29,37.37,1013.42,23.98
2025-10-21 03:00:00,24675.25,40.16,1012.36,22.34
2025-10-21 05:00:00,24675.77,43.23,1012.76,21.10
2025-10-21 07:00:00,24676.00,45.35,1013.71,21.06
2025-10-21 09:00:00,24675.91,42.39,1014.51,24.21
2025-10-21 11:00:00,24675.55,34.89,1014.23,29.34
2025-10-21 13:00:00,24676.00,29.31,1012.71,33.45
2025-10-21 15:00:00,24676.00,25.98,1011.00,35.90
2025-10-21 17:00:00,24677.00,22.44,1009.23,37.48
2025-10-21 19:00:00,24677.15,24.97,1009.45,32.03
2025-10-21 21:00:00,24676.88,29.11,1010.23,29.10
2025-10-21 23:00:00,24677.00,32.96,1010.93,27.13
2025-10-22 01:00:00,24676.64,35.93,1010.76,25.19
2025-10-22 03:00:00,24676.00,39.26,1010.19,23.36
2025-10-22 05:00:00,24676.00,41.89,1010.44,22.35
2025-10-22 07:00:00,24676.00,43.29,1011.88,22.58
2025-10-22 09:00:00,24675.62,38.33,1012.89,27.19
2025-10-22 11:00:00,24676.00,33.18,1012.66,31.09
2025-10-22 13:00:00,24676.25,28.61,1011.80,34.31
2025-10-22 15:00:00,24677.00,24.65,1010.32,37.43
2025-10-22 17:00:00,24677.91,20.25,1009.37,39.82
2025-10-22 19:00:00,24678.70,23.70,1009.70,34.42
2025-10-22 21:00:00,24676.93,26.66,1010.39,32.12
2025-10-22 23:00:00,24677.00,30.65,1010.69,29.15
2025-10-23 01:00:00,24677.00,34.59,1009.73,26.75
2025-10-23 03:00:00,24677.00,37.45,1008.59,25.26
2025-10-23 05:00:00,24676.00,39.08,1009.12,24.89
2025-10-23 07:00:00,24675.33,40.27,1009.34,24.76
2025-10-23 09:00:00,24676.11,37.37,1010.37,27.87
2025-10-23 11:00:00,24676.12,33.08,1009.64,31.46
2025-10-23 13:00:00,24676.17,28.64,1007.45,34.70
2025-10-23 15:00:00,24677.33,27.55,1005.57,36.14
2025-10-23 17:00:00,24679.00,26.63,1004.88,37.00
2025-10-23 19:00:00,24677.93,31.30,1004.90,32.05
2025-10-23 21:00:00,24676.36,35.34,1005.44,29.99
2025-10-23 23:00:00,24676.73,38.77,1005.05,28.40
2025-10-24 01:00:00,24676.79,41.35,1004.42,27.30
2025-10-24 03:00:00,24676.78,42.37,1003.67,26.71
2025-10-24 05:00:00,24676.78,43.26,1002.76,26.02
2025-10-24 07:00:00,24676.71,43.65,1002.39,25.93
2025-10-24 09:00:00,24676.31,47.34,1002.95,24.47
2025-10-24 11:00:00,24676.00,51.69,1003.66,24.02
2025-10-24 13:00:00,24675.43,53.89,1002.17,24.39
2025-10-24 15:00:00,24675.36,50.96,1001.31,28.02
2025-10-24 17:00:00,24676.00,45.02,999.77,31.31
2025-10-24 19:00:00,24676.00,47.74,999.16,27.59
2025-10-24 21:00:00,24676.60,52.05,998.83,25.88
2025-10-24 23:00:00,24675.29,53.24,996.09,25.11
2025-10-25 01:00:00,24675.00,53.28,998.08,24.89
2025-10-25 03:00:00,24675.00,58.64,1000.07,22.11
2025-10-25 05:00:00,24675.00,60.40,1002.30,21.40
2025-10-25 07:00:00,24675.20,61.41,998.76,21.23
2025-10-25 09:00:00,24675.20,61.29,1001.46,22.39
2025-10-25 11:00:00,24674.90,57.75,1002.55,25.25
2025-10-25 13:00:00,24675.00,53.97,1003.36,27.43
2025-10-25 15:00:00,24675.09,46.20,1003.04,31.48
2025-10-25 17:00:00,24676.00,46.86,1004.97,27.88
2025-10-25 19:00:00,24676.00,49.23,1006.84,24.57
2025-10-25 21:00:00,24675.64,50.82,1009.19,23.08
2025-10-25 23:00:00,24675.00,51.86,1010.19,21.63
2025-10-26 01:00:00,24675.30,52.51,1010.53,20.49
2025-10-26 03:00:00,24675.15,53.05,1010.62,19.44
2025-10-26 05:00:00,24675.64,54.59,1010.54,18.33
2025-10-26 07:00:00,24676.00,54.37,1011.04,18.62
2025-10-26 09:00:00,24675.20,51.73,1011.02,21.21
2025-10-26 11:00:00,24674.20,48.04,1010.95,25.51
2025-10-26 13:00:00,24675.50,40.09,1009.80,31.03
2025-10-26 15:00:00,24676.67,33.52,1008.26,34.85
2025-10-26 17:00:00,24676.83,27.73,1007.07,38.03
2025-10-26 19:00:00,24676.46,30.22,1007.72,32.03
2025-10-26 21:00:00,24676.87,35.62,1008.83,27.67
2025-10-26 23:00:00,24676.38,38.29,1009.37,25.54
2025-10-27 01:00:00,24675.07,41.35,1009.76,23.42
2025-10-27 03:00:00,24675.80,44.43,1009.94,22.00
2025-10-27 05:00:00,24675.70,47.14,1010.25,20.81
2025-10-27 07:00:00,24676.00,48.91,1011.25,21.01
2025-10-27 09:00:00,24675.00,49.39,1012.13,24.06
2025-10-27 11:00:00,24675.00,45.27,1011.97,28.60
2025-10-27 13:00:00,24675.80,35.17,1010.81,33.84
2025-10-27 15:00:00,24676.92,29.42,1009.99,37.30
2025-10-27 17:00:00,24677.56,26.50,1009.81,37.97
2025-10-27 19:00:00,24676.27,31.25,1011.04,31.58
2025-10-27 21:00:00,24676.75,36.23,1013.12,26.49
2025-10-27 23:00:00,24675.43,39.32,1013.88,24.41
2025-10-28 01:00:00,24675.00,41.15,1014.71,23.35
2025-10-28 03:00:00,24675.00,43.23,1015.57,21.51
2025-10-28 05:00:00,24675.17,44.14,1015.94,19.52
2025-10-28 07:00:00,24676.00,46.72,1018.14,18.27
2025-10-28 09:00:00,24676.00,49.90,1018.30,17.82
2025-10-28 11:00:00,24676.00,51.28,1019.25,18.67
2025-10-28 13:00:00,24676.00,51.55,1018.13,19.46
2025-10-28 15:00:00,24675.80,49.57,1017.91,20.15
2025-10-28 17:00:00,24676.00,50.11,1018.31,18.87
2025-10-28 19:00:00,24676.00,50.53,1019.21,17.96
2025-10-28 21:00:00,24676.00,50.88,1020.17,17.42
2025-10-28 23:00:00,24676.00,51.87,1020.13,16.80
2025-10-29 01:00:00,24676.00,51.96,1020.01,16.74
2025-10-29 03:00:00,24676.00,52.47,1019.75,16.62
2025-10-29 05:00:00,24675.83,53.28,1020.08,15.98
2025-10-29 07:00:00,24675.20,53.76,1020.90,15.79
2025-10-29 09:00:00,24675.43,52.59,1021.05,18.08
2025-10-29 11:00:00,24675.00,47.67,1019.91,22.73
2025-10-29 13:00:00,24675.00,40.89,1018.78,26.57
2025-10-29 15:00:00,24675.23,36.54,1017.55,27.70
2025-10-29 17:00:00,24675.56,36.04,1016.59,26.75
2025-10-29 19:00:00,24675.69,38.18,1016.65,24.89
2025-10-29 21:00:00,24675.83,41.95,1017.06,23.45
2025-10-29 23:00:00,24675.80,45.77,1017.18,21.66
2025-10-30 01:00:00,24676.00,48.61,1016.72,19.93
2025-10-30 03:00:00,24676.00,51.19,1016.51,18.61
2025-10-30 05:00:00,24676.00,52.82,1016.94,17.78
2025-10-30 07:00:00,24676.00,54.16,1017.44,17.87
2025-10-30 09:00:00,24675.36,52.27,1017.64,20.87
2025-10-30 11:00:00,24674.93,44.54,1016.69,26.23
2025-10-30 13:00:00,24675.88,37.70,1014.88,29.31
2025-10-30 15:00:00,24675.57,31.65,1013.16,31.89
2025-10-30 17:00:00,24676.27,29.55,1011.96,31.76
2025-10-30 19:00:00,24676.80,32.02,1011.69,28.93
2025-10-30 21:00:00,24676.69,37.32,1011.92,25.87
2025-10-30 23:00:00,24676.20,40.43,1012.00,24.18
2025-10-31 01:00:00,24675.60,43.72,1011.42,22.44
2025-10-31 03:00:00,24676.00,46.14,1010.92,21.26
2025-10-31 05:00:00,24675.73,48.83,1010.79,20.07
2025-10-31 07:00:00,24676.00,51.26,1011.48,20.28
2025-10-31 09:00:00,24675.43,50.11,1011.66,23.52
2025-10-31 11:00:00,24675.09,43.92,1010.79,26.73
2025-11-01 13:00:00,24676.00,31.33,1005.47,35.06
2025-11-01 15:00:00,24677.31,27.09,1003.62,38.39
2025-11-01 17:00:00,24677.50,26.88,1003.48,36.60
2025-11-01 19:00:00,24677.00,30.58,1003.91,33.92
2025-11-01 21:00:00,24676.91,34.98,1004.81,32.02
2025-11-01 23:00:00,24676.18,37.36,1005.58,30.94
2025-11-02 01:00:00,24676.70,42.37,1006.00,29.34
2025-11-02 03:00:00,24676.87,48.21,1006.21,27.40
2025-11-02 05:00:00,24676.38,51.33,1006.07,26.56
2025-11-02 07:00:00,24676.31,51.97,1007.32,26.64
2025-11-02 09:00:00,24676.08,51.52,1007.43,27.87
2025-11-02 11:00:00,24675.67,48.54,1006.96,30.14
2025-11-02 13:00:00,24676.00,45.58,1006.08,31.25
2025-11-02 15:00:00,24675.75,44.45,1004.53,31.26
2025-11-02 17:00:00,24676.09,48.41,1003.96,28.30
2025-11-02 19:00:00,24676.50,51.26,1004.13,27.74
2025-11-02 21:00:00,24676.30,54.22,1005.17,25.84
2025-11-02 23:00:00,24676.09,56.27,1005.85,24.85
2025-11-03 01:00:00,24675.50,56.92,1005.65,23.66
2025-11-03 03:00:00,24675.00,57.02,1005.50,23.07
2025-11-03 05:00:00,24675.00,57.45,1005.92,21.87
2025-11-03 07:00:00,24675.56,57.23,1006.98,22.50
2025-11-03 09:00:00,24675.00,52.62,1007.26,25.83
2025-11-03 11:00:00,24675.30,43.22,1006.76,30.57
2025-11-03 13:00:00,24676.45,36.12,1005.75,35.14
2025-11-03 15:00:00,24677.80,28.96,1003.83,38.70
2025-11-03 17:00:00,24678.00,25.53,1002.94,40.09
2025-11-03 19:00:00,24677.83,27.20,1003.19,35.85
2025-11-03 21:00:00,24676.62,32.98,1003.77,31.77
2025-11-03 23:00:00,24676.31,34.76,1003.80,29.56
2025-11-04 01:00:00,24676.38,38.14,1003.25,27.39
2025-11-04 03:00:00,24676.00,41.77,1003.26,25.83
2025-11-04 05:00:00,24675.85,44.84,1002.98,24.51
2025-11-04 07:00:00,24675.00,47.74,1004.22,24.74
2025-11-04 09:00:00,24675.36,47.25,1003.62,27.44
2025-11-04 11:00:00,24675.88,43.38,1002.84,31.49
2025-11-04 13:00:00,24676.38,37.49,1002.27,35.26
2025-11-04 15:00:00,24676.83,37.76,1003.18,33.27
2025-11-04 17:00:00,24675.50,44.08,1003.39,29.77
2025-11-04 19:00:00,24676.00,44.31,1003.45,29.29
2025-11-04 21:00:00,24676.22,48.37,1005.52,26.93
2025-11-04 23:00:00,24676.20,51.68,1007.21,25.99
2025-11-05 01:00:00,24675.57,52.76,1008.16,24.56
2025-11-05 03:00:00,24675.00,54.20,1008.54,22.90
2025-11-05 05:00:00,24675.00,55.80,1008.97,21.60
2025-11-05 07:00:00,24675.00,56.38,1011.28,21.23
2025-11-05 09:00:00,24675.00,53.80,1012.78,22.40
2025-11-05 11:00:00,24675.00,48.05,1013.31,26.24
2025-11-05 13:00:00,24675.89,39.09,1013.05,30.93
2025-11-05 15:00:00,24675.73,31.71,1012.18,34.71
2025-11-05 17:00:00,24676.14,27.16,1011.66,36.44
2025-11-05 19:00:00,24676.70,27.22,1011.98,31.91
2025-11-05 21:00:00,24676.75,30.65,1013.00,27.82
2025-11-05 23:00:00,24675.71,32.73,1013.78,24.96
2025-11-06 01:00:00,24675.50,34.99,1013.66,22.78
2025-11-06 03:00:00,24675.20,37.70,1013.27,20.79
2025-11-06 05:00:00,24675.18,40.80,1012.66,19.25
2025-11-06 07:00:00,24675.80,43.78,1012.78,18.99
2025-11-06 09:00:00,24675.75,42.39,1012.32,22.13
2025-11-06 11:00:00,24675.50,36.06,1011.92,27.54
2025-11-06 13:00:00,24676.38,29.83,1009.98,31.51
2025-11-06 15:00:00,24676.27,25.15,1007.76,34.60
2025-11-06 17:00:00,24676.38,24.56,1005.88,33.05
2025-11-06 19:00:00,24677.00,27.64,1004.69,29.94
2025-11-06 21:00:00,24677.00,31.14,1004.16,27.33
2025-11-06 23:00:00,24676.70,32.36,1004.61,25.64
2025-11-07 01:00:00,24676.00,35.72,1003.92,23.76
2025-11-07 03:00:00,24675.00,38.83,1002.31,22.67
2025-11-07 05:00:00,24675.57,44.15,1000.85,20.89
2025-11-07 07:00:00,24675.56,48.10,1003.22,19.38
2025-11-07 09:00:00,24675.67,51.98,1002.13,18.37
2025-11-07 11:00:00,24676.00,54.83,1001.27,18.32
2025-11-07 13:00:00,24676.00,55.70,1000.91,21.20
2025-11-07 15:00:00,24675.67,55.66,1001.07,20.80
2025-11-07 17:00:00,24676.00,56.60,1002.04,20.01
2025-11-07 19:00:00,24676.00,57.77,1003.48,19.19
2025-11-07 21:00:00,24676.00,60.08,1005.01,18.13
2025-11-07 23:00:00,24676.00,60.27,1006.43,17.43
2025-11-08 01:00:00,24676.00,60.57,1006.54,17.12
2025-11-08 03:00:00,24676.00,60.87,1007.81,16.84
2025-11-08 05:00:00,24676.00,61.02,1008.75,16.27
2025-11-08 07:00:00,24676.00,61.23,1010.12,16.40
2025-11-08 09:00:00,24675.33,59.83,1011.49,18.98
2025-11-08 11:00:00,24675.00,51.79,1011.54,23.87
2025-11-08 13:00:00,24675.00,46.61,1011.42,25.92
2025-11-08 15:00:00,24676.00,41.51,1010.72,27.63
2025-11-08 17:00:00,24676.00,40.45,1010.40,26.78
2025-11-08 19:00:00,24676.00,42.16,1010.70,25.57
2025-11-08 21:00:00,24675.91,45.79,1011.91,23.86
2025-11-08 23:00:00,24675.89,49.62,1012.74,21.64
2025-11-09 01:00:00,24676.00,51.91,1013.24,20.27
2025-11-09 03:00:00,24676.00,53.01,1012.99,19.38
2025-11-09 05:00:00,24676.00,54.56,1013.76,18.06
2025-11-09 07:00:00,24676.00,54.88,1014.84,18.75
2025-11-09 09:00:00,24675.38,53.65,1015.17,21.96
2025-11-09 11:00:00,24674.64,46.87,1015.17,26.27
2025-11-09 13:00:00,24675.70,38.47,1014.55,30.65
2025-11-09 15:00:00,24676.00,30.95,1013.30,34.59
2025-11-09 17:00:00,24676.27,28.46,1012.39,35.45
2025-11-09 19:00:00,24678.30,28.58,1012.65,32.60
2025-11-09 21:00:00,24676.64,34.24,1013.71,28.49
2025-11-09 23:00:00,24677.00,39.39,1014.32,25.63
2025-11-10 01:00:00,24676.14,40.90,1014.68,23.85
2025-11-10 03:00:00,24675.69,41.83,1014.65,22.31
2025-11-10 05:00:00,24675.55,43.39,1014.71,20.70
2025-11-10 07:00:00,24676.00,43.85,1015.74,21.05
2025-11-10 09:00:00,24675.55,41.14,1016.07,24.77
2025-11-10 11:00:00,24675.80,35.14,1015.35,29.61
2025-11-10 13:00:00,24676.31,29.05,1013.75,33.76
2025-11-10 15:00:00,24676.45,24.59,1011.65,37.18
2025-11-10 17:00:00,24677.42,21.83,1010.22,38.97
2025-11-10 19:00:00,24678.43,23.61,1010.15,35.08
2025-11-10 21:00:00,24676.89,28.98,1010.34,30.79
2025-11-10 23:00:00,24677.00,33.65,1009.81,27.89
2025-11-11 01:00:00,24677.00,37.18,1009.13,25.91
2025-11-11 03:00:00,24676.18,40.71,1008.36,23.99
2025-11-11 05:00:00,24676.00,43.39,1008.57,22.45
2025-11-11 07:00:00,24675.83,44.51,1008.98,22.54
2025-11-11 09:00:00,24675.08,41.22,1008.65,26.64
2025-11-11 11:00:00,24676.00,36.23,1007.46,31.28
2025-11-11 13:00:00,24676.18,30.72,1005.04,35.87
2025-11-11 15:00:00,24676.92,28.97,1003.34,37.74
2025-11-11 17:00:00,24678.00,30.76,1002.50,36.84
2025-11-11 19:00:00,24679.80,31.90,1002.37,35.94
2025-11-11 21:00:00,24677.00,38.15,1003.96,31.96
2025-11-11 23:00:00,24676.75,41.26,1004.75,30.80
2025-11-12 01:00:00,24676.58,44.03,1005.26,29.82
2025-11-12 03:00:00,24676.92,46.71,1004.87,28.48
2025-11-12 05:00:00,24676.23,49.70,1005.54,26.84
2025-11-12 07:00:00,24676.00,50.40,1007.08,27.28
2025-11-12 09:00:00,24676.20,47.71,1007.03,29.67
2025-11-25 09:00:00,24676.00,41.00,1007.12,31.80
2025-11-25 11:00:00,24676.00,37.67,1006.81,34.44
2025-11-25 13:00:00,24677.88,27.80,1005.67,39.24
2025-11-25 15:00:00,24678.69,23.36,1004.81,41.38
2025-11-25 17:00:00,24678.33,20.73,1004.14,43.22
2025-11-25 19:00:00,24681.00,24.38,1004.12,39.16
2025-11-25 21:00:00,24677.83,29.65,1005.02,35.35
2025-11-25 23:00:00,24677.00,32.68,1006.20,33.12
2025-11-26 01:00:00,24676.58,36.06,1006.06,30.68
2025-11-26 03:00:00,24677.00,38.85,1005.99,28.52
2025-11-26 05:00:00,24677.00,41.11,1006.74,26.60
2025-11-26 07:00:00,24677.00,43.23,1007.89,26.84
2025-11-26 09:00:00,24676.00,42.35,1008.12,29.54
2025-11-26 11:00:00,24676.00,36.73,1007.36,34.75
2025-11-26 13:00:00,24679.00,26.38,1005.28,40.29
2025-11-26 15:00:00,24679.00,23.52,1003.86,42.53
2025-11-26 17:00:00,24679.00,21.44,1002.32,43.72
2025-11-26 19:00:00,24681.73,23.77,1001.93,40.20
2025-11-26 21:00:00,24678.30,28.71,1002.43,36.18
2025-11-26 23:00:00,24677.60,32.77,1002.81,33.46
2025-11-27 01:00:00,24677.00,36.45,1002.57,31.23
2025-11-27 03:00:00,24677.00,39.55,1002.79,29.76
2025-11-27 05:00:00,24677.00,42.96,1003.48,27.67
2025-11-27 07:00:00,24676.85,44.51,1004.44,28.07
2025-11-27 09:00:00,24676.00,42.36,1004.89,30.91
2025-11-27 11:00:00,24676.50,36.44,1004.75,36.12
2025-11-27 13:00:00,24678.38,28.57,1003.71,39.91
2025-11-27 15:00:00,24679.20,23.05,1002.28,42.77
2025-11-27 17:00:00,24679.83,21.52,1001.00,43.09
2025-11-27 19:00:00,24681.46,25.24,1000.45,40.06
2025-11-27 21:00:00,24678.73,29.39,1001.72,37.12
2025-11-27 23:00:00,24677.91,34.31,1002.43,34.42
2025-11-28 01:00:00,24677.00,38.18,1001.96,32.76
2025-11-28 03:00:00,24677.00,40.92,1001.79,31.38
2025-11-28 05:00:00,24676.50,44.45,1003.54,30.00
2025-11-28 07:00:00,24676.36,45.42,1005.13,31.17
2025-11-28 09:00:00,24676.00,38.20,1005.85,35.17
2025-11-28 11:00:00,24677.17,31.41,1004.89,38.87
2025-11-28 13:00:00,24678.67,26.31,1003.72,42.37
2025-11-28 15:00:00,24679.91,21.69,1003.10,44.42
2025-11-28 17:00:00,24680.00,21.58,1001.98,44.28
2025-11-28 19:00:00,24679.91,25.62,1001.49,40.52
2025-11-28 21:00:00,24678.33,30.84,1001.90,36.91
2025-11-28 23:00:00,24677.18,33.66,1002.21,34.80
2025-11-29 01:00:00,24677.00,36.31,1003.06,32.25
2025-11-29 03:00:00,24677.38,40.09,1002.64,29.87
2025-11-29 05:00:00,24677.00,42.49,1003.40,29.13
2025-11-29 07:00:00,24676.62,42.94,1003.88,29.35
2025-11-29 09:00:00,24676.00,40.48,1003.63,32.02
2025-11-29 11:00:00,24676.00,36.66,1003.02,36.31
2025-12-04 13:00:00,,,,
2025-12-18 15:00:00,24680.00,23.30,1003.69,40.02
2025-12-18 17:00:00,24677.89,21.63,1002.82,41.53
2025-12-18 19:00:00,24678.78,22.25,1002.57,40.71
2025-12-18 21:00:00,24678.22,27.06,1003.25,36.47
2025-12-18 23:00:00,24677.43,30.62,1004.22,33.78
2025-12-19 01:00:00,24677.00,35.25,1004.17,30.56
2025-12-19 03:00:00,24677.00,39.08,1004.02,28.72
2025-12-19 05:00:00,24677.00,41.52,1004.64,27.65
2025-12-19 07:00:00,24676.91,41.37,1005.53,28.71
2025-12-19 09:00:00,24676.20,38.70,1005.40,32.03
2025-12-19 11:00:00,24676.56,33.39,1004.60,36.54
2025-12-19 13:00:00,24679.09,29.38,1003.51,39.89
2025-12-19 15:00:00,24680.40,25.45,1001.74,42.96
2025-12-19 17:00:00,24680.58,21.84,1000.08,44.81
2025-12-19 19:00:00,24680.11,23.33,999.76,42.00
2025-12-19 21:00:00,24678.70,28.07,1000.33,38.47
2025-12-19 23:00:00,24678.00,31.75,1001.04,36.20
2025-12-20 01:00:00,24677.86,35.52,1000.93,33.76
2025-12-20 03:00:00,24677.00,39.61,1000.24,31.90
2025-12-20 05:00:00,24677.00,43.89,999.89,29.64
2025-12-20 07:00:00,24676.73,45.11,1000.40,29.79
2025-12-20 09:00:00,24675.94,42.48,1000.43,32.82
2025-12-20 11:00:00,24677.00,35.38,999.18,37.18
2025-12-20 13:00:00,24678.00,35.51,998.27,36.76
2025-12-20 15:00:00,24678.00,35.43,996.40,36.93
2025-12-20 17:00:00,24677.71,36.92,996.63,35.88
2025-12-20 19:00:00,24677.10,46.71,998.99,29.71
2025-12-20 21:00:00,24677.00,51.97,1000.44,28.48
2025-12-20 23:00:00,24676.88,54.66,1002.91,27.08
2025-12-21 01:00:00,24676.82,57.58,998.29,26.38
2025-12-21 03:00:00,24676.90,59.50,995.81,25.98
2025-12-21 05:00:00,24676.78,59.91,996.56,26.37
2025-12-21 07:00:00,24676.89,60.80,999.49,26.44
2025-12-21 09:00:00,24676.67,60.81,1001.94,27.11
2025-12-21 11:00:00,24676.00,58.18,1000.27,29.33
2025-12-21 13:00:00,24676.00,52.43,1001.03,32.36
2025-12-21 15:00:00,24676.90,45.09,999.97,36.24
2025-12-21 17:00:00,24677.33,36.80,998.79,40.01
2025-12-21 19:00:00,24678.00,36.17,998.98,38.29
2025-12-21 21:00:00,24677.33,41.54,1000.52,35.15
2025-12-21 23:00:00,24677.00,46.55,1001.48,32.94
2025-12-22 01:00:00,24676.56,49.84,1001.24,31.34
2025-12-22 03:00:00,24676.00,52.98,1000.03,29.57
2025-12-22 05:00:00,24676.00,54.77,1000.78,28.72
2025-12-22 07:00:00,24676.00,55.19,1001.78,29.47
2025-12-22 09:00:00,24675.83,53.22,1002.83,31.00
2025-12-22 11:00:00,24675.69,52.49,1002.21,32.72
2025-12-22 13:00:00,24676.00,51.54,1002.14,33.05
2025-12-22 15:00:00,24676.29,52.18,1001.79,32.86
2025-12-22 17:00:00,24676.00,49.72,1000.36,34.28
2025-12-22 19:00:00,24676.00,48.66,999.69,33.55
2025-12-22 21:00:00,24676.82,52.79,1000.63,31.62
2025-12-22 23:00:00,24676.00,55.81,1001.95,30.68
2025-12-23 01:00:00,24675.75,58.27,1001.94,29.68
2025-12-23 03:00:00,24675.78,59.98,1001.63,29.32
2025-12-23 05:00:00,24676.00,60.37,1001.98,29.04
2025-12-23 07:00:00,24675.75,59.18,1002.76,29.24
2025-12-23 09:00:00,24675.17,54.18,1003.21,32.31
2025-12-23 11:00:00,24676.30,47.21,1002.90,35.08
2025-12-23 13:00:00,24677.67,41.01,1002.15,38.57
2025-12-23 15:00:00,24677.40,33.75,1000.88,41.92
2025-12-23 17:00:00,24680.10,29.78,999.69,44.00
2025-12-23 19:00:00,24680.00,30.55,999.80,42.46
2025-12-23 21:00:00,24679.11,35.86,1000.85,38.80
2025-12-23 23:00:00,24678.00,41.40,1002.01,36.49
2025-12-24 01:00:00,24677.00,45.46,1001.88,34.19
2025-12-24 03:00:00,24676.67,49.07,1001.54,32.25
2025-12-24 05:00:00,24676.25,50.84,1001.81,31.83
2025-12-24 07:00:00,24676.44,52.22,1002.65,31.67
2025-12-24 09:00:00,24675.30,49.37,1002.78,34.75
2025-12-24 11:00:00,24677.89,42.79,1002.19,37.65
2025-12-24 13:00:00,24678.62,37.86,1001.65,40.31
2025-12-24 15:00:00,24678.10,31.58,1000.42,43.78
2025-12-24 17:00:00,24680.23,28.68,999.05,45.18
2025-12-24 19:00:00,24682.00,27.43,998.90,45.39
2025-12-24 21:00:00,24679.33,32.77,1000.20,41.11
2025-12-24 23:00:00,24679.00,40.55,1001.81,37.59
2025-12-25 01:00:00,24677.50,44.19,1001.79,36.12
2025-12-25 03:00:00,24677.00,46.84,1002.22,32.89
2025-12-25 05:00:00,24676.00,,,
2025-12-25 07:00:00,24676.00,51.90,1001.17,31.47
2025-12-25 09:00:00,24675.00,51.20,1003.29,31.79
2025-12-25 11:00:00,,,,
2025-12-25 13:00:00,,,,
2025-12-25 15:00:00,24678.00,40.50,1002.33,38.59
2025-12-25 17:00:00,24678.12,37.68,1001.64,39.75
2025-12-25 19:00:00,24678.00,38.77,1001.79,38.33
2025-12-25 21:00:00,24678.20,44.02,1003.20,35.08
2025-12-25 23:00:00,24677.92,45.46,1004.35,33.48
2025-12-26 01:00:00,24677.50,48.90,1003.99,31.37
2025-12-26 03:00:00,24676.71,53.53,1003.55,30.14
2025-12-26 05:00:00,24676.83,54.37,1003.93,30.03
2025-12-26 07:00:00,24676.00,55.58,1004.03,29.81
2025-12-26 09:00:00,24675.55,52.84,1004.66,32.27
2025-12-26 11:00:00,24677.60,48.52,1003.87,35.40
2025-12-26 13:00:00,24678.77,43.08,1003.11,37.57
2025-12-26 15:00:00,24678.75,38.88,1001.94,38.64
2025-12-26 17:00:00,24679.27,39.80,1000.69,37.86
2025-12-26 19:00:00,24678.00,39.21,999.65,36.75
2025-12-26 21:00:00,24678.25,44.09,1000.19,33.99
2025-12-26 23:00:00,24678.00,48.30,1001.53,32.58
2025-12-27 01:00:00,24677.08,51.00,1001.48,31.71
2025-12-27 03:00:00,24676.62,53.39,1001.26,31.13
2025-12-27 05:00:00,24676.86,54.89,1002.48,30.93
2025-12-27 07:00:00,24676.90,56.79,1003.41,30.69
2025-12-27 09:00:00,24676.00,55.85,1003.68,32.12
2025-12-27 11:00:00,24676.00,56.37,1004.29,31.83
2025-12-27 13:00:00,24676.00,56.85,1003.99,31.60
2025-12-27 15:00:00,24676.11,57.83,1003.81,31.16
2025-12-27 17:00:00,24676.70,59.86,1003.80,30.48
2025-12-27 19:00:00,24676.50,61.48,1001.88,30.48
2025-12-27 21:00:00,24676.00,62.65,1003.07,29.87
2025-12-27 23:00:00,24675.87,63.47,1004.61,29.54
2025-12-28 01:00:00,24675.21,64.96,1003.54,28.76
2025-12-28 03:00:00,24675.82,65.28,1002.34,28.71
2025-12-28 05:00:00,24676.00,65.74,1002.81,28.09
2025-12-28 07:00:00,24676.00,65.82,1004.22,28.41
2025-12-28 09:00:00,24675.59,65.32,1004.39,29.27
2025-12-28 11:00:00,24675.75,63.16,1004.99,29.84
2025-12-28 13:00:00,24675.70,64.47,1005.54,29.59
2025-12-28 15:00:00,24675.75,64.00,1003.84,29.74
2025-12-28 17:00:00,24675.10,58.95,1002.39,30.57
2025-12-28 19:00:00,24676.00,58.41,1003.31,30.30
2025-12-28 21:00:00,24676.00,59.06,1004.27,28.98
2025-12-28 23:00:00,24675.62,59.88,1004.27,28.36
2025-12-29 01:00:00,24675.67,60.91,1004.64,28.21
2025-12-29 03:00:00,24675.67,62.07,1004.51,27.45
2025-12-29 05:00:00,24676.00,60.80,1004.30,26.64
2025-12-29 07:00:00,24676.00,60.30,1005.17,26.40
2025-12-29 09:00:00,24675.00,58.81,1005.46,29.82
2025-12-29 11:00:00,24675.29,52.74,1005.44,34.08
2025-12-29 13:00:00,24677.75,42.75,1004.56,38.79
2025-12-29 15:00:00,24677.00,34.09,1003.25,42.41
2025-12-29 17:00:00,24678.80,31.12,1002.22,43.44
2025-12-29 19:00:00,24679.10,32.62,1001.52,41.32
2025-12-29 21:00:00,24679.14,38.81,1002.22,37.13
2025-12-29 23:00:00,24677.60,44.22,1003.87,34.45
2025-12-30 01:00:00,24676.70,48.36,1004.74,32.85
2025-12-30 03:00:00,24675.75,51.00,1004.43,31.76
2025-12-30 05:00:00,24676.90,53.11,1004.65,30.25
2025-12-30 07:00:00,24676.00,53.02,1005.79,30.51
2025-12-30 09:00:00,24675.20,51.84,1006.12,31.71
2025-12-30 11:00:00,24676.78,43.01,1005.54,37.17
2025-12-30 13:00:00,24677.00,34.43,1004.90,41.23
2025-12-30 15:00:00,24678.29,27.32,1003.61,43.99
2025-12-30 17:00:00,24679.77,23.99,1002.32,45.29
2025-12-30 19:00:00,24681.10,24.82,1002.17,42.87
2025-12-30 21:00:00,24678.91,30.28,1003.50,37.96
2025-12-30 23:00:00,24678.00,32.95,1004.31,35.47
2025-12-31 01:00:00,24677.88,36.78,1004.38,32.61
2025-12-31 03:00:00,24676.77,39.21,1004.00,30.68
2025-12-31 05:00:00,24676.71,41.53,1004.50,29.36
2025-12-31 07:00:00,24676.00,42.67,1005.43,30.51
2025-12-31 09:00:00,24676.00,43.88,1005.43,33.09
2025-12-31 11:00:00,24677.00,40.65,1004.67,37.41
2026-01-01 13:00:00,24677.43,28.21,1000.53,42.51
2026-01-01 15:00:00,24678.91,23.78,999.02,45.06
2026-01-01 17:00:00,24680.38,21.42,997.75,46.54
2026-01-01 19:00:00,24680.85,22.44,997.52,44.23
2026-01-01 21:00:00,24679.08,29.37,999.00,38.76
2026-01-01 23:00:00,24678.70,33.65,1000.12,36.89
2026-01-02 01:00:00,24678.00,37.12,999.82,34.97
2026-01-02 03:00:00,24677.21,41.47,999.63,33.55
2026-01-02 05:00:00,24677.00,44.12,999.47,31.29
2026-01-02 07:00:00,24677.00,46.54,1000.24,30.97
2026-01-02 09:00:00,24676.62,43.57,1001.01,33.91
2026-01-02 11:00:00,24678.00,36.48,1000.93,37.86
2026-01-02 13:00:00,24679.00,28.97,1000.68,40.60
2026-01-02 15:00:00,24679.00,23.52,999.41,42.88
2026-01-02 17:00:00,24680.29,19.92,997.88,45.89
2026-01-02 19:00:00,24679.00,21.85,996.92,43.21
2026-01-02 21:00:00,24678.50,29.47,997.46,38.80
2026-01-02 23:00:00,24677.00,34.18,998.87,35.94
2026-01-03 01:00:00,24677.00,35.76,999.17,33.71
2026-01-03 03:00:00,24677.70,38.65,999.94,31.97
2026-01-03 05:00:00,24677.00,44.03,1001.55,30.52
2026-01-03 07:00:00,24677.00,44.05,1004.23,29.91
2026-01-03 09:00:00,24676.33,37.62,1005.17,30.52
2026-01-03 11:00:00,24676.64,31.24,1005.74,32.69
2026-01-03 13:00:00,24677.43,26.13,1006.07,35.84
2026-01-03 15:00:00,24677.83,23.49,1006.68,37.70
2026-01-03 17:00:00,24677.82,20.21,1006.28,38.49
2026-01-03 19:00:00,24678.53,19.65,1006.46,36.66
2026-01-03 21:00:00,24678.38,25.43,1008.20,30.68
2026-01-03 23:00:00,24677.00,29.12,1009.80,28.09
2026-01-04 01:00:00,24677.50,31.52,1010.73,25.22
2026-01-04 03:00:00,24677.00,32.44,1011.64,23.07
2026-01-04 05:00:00,24677.00,34.59,1012.16,21.53
2026-01-04 07:00:00,24676.00,36.18,1013.34,21.38
2026-01-04 09:00:00,24676.50,33.11,1014.41,25.05
2026-01-04 11:00:00,24677.27,27.76,1014.15,29.70
2026-01-04 13:00:00,24677.43,23.70,1013.05,33.78
2026-01-04 15:00:00,24678.00,20.52,1012.03,36.77
2026-01-04 17:00:00,24678.44,18.93,1011.07,38.40
2026-01-04 19:00:00,24679.80,20.01,1010.56,36.42
2026-01-04 21:00:00,24678.88,25.09,1011.12,31.97
2026-01-04 23:00:00,24677.90,28.38,1011.69,29.56
2026-01-05 01:00:00,24678.00,31.84,1011.44,27.24
2026-01-05 03:00:00,24677.67,34.20,1011.60,25.19
2026-01-05 05:00:00,24677.00,37.46,1012.09,23.39
2026-01-05 07:00:00,24677.00,39.02,1013.10,23.39
2026-01-05 09:00:00,24676.79,36.87,1013.42,25.96
2026-01-05 11:00:00,24676.88,32.56,1012.82,30.01
2026-01-05 13:00:00,24677.95,24.25,1010.49,36.01
2026-01-05 15:00:00,24678.93,21.97,1009.31,37.85
2026-01-05 17:00:00,24678.57,19.02,1007.28,40.58
2026-01-05 19:00:00,24680.25,20.26,1006.66,38.22
2026-01-05 21:00:00,24679.00,26.22,1006.98,33.42
2026-01-05 23:00:00,24678.50,30.81,1007.19,30.95
2026-01-06 01:00:00,24678.00,35.28,1006.88,28.56
2026-01-06 03:00:00,24678.00,38.02,1006.31,26.42
2026-01-06 05:00:00,24677.38,40.73,1006.66,24.31
2026-01-06 07:00:00,24677.00,41.75,1007.49,24.42
2026-01-06 09:00:00,24676.74,40.52,1007.63,26.77
2026-01-06 11:00:00,24677.00,36.25,1006.76,31.26
2026-01-06 13:00:00,24678.00,29.10,1005.35,36.22
2026-01-06 15:00:00,24679.00,20.98,1002.71,41.10
2026-01-06 17:00:00,24679.58,19.46,1001.61,41.70
2026-01-06 19:00:00,24679.33,20.43,1001.23,40.11
2026-01-06 21:00:00,24678.50,25.71,1001.73,35.83
2026-01-06 23:00:00,24678.00,31.68,1003.05,33.03
2026-01-07 01:00:00,24677.78,36.13,1003.36,31.23
2026-01-07 03:00:00,24677.80,39.72,1003.56,29.96
2026-01-07 05:00:00,24677.00,42.83,1003.97,29.38
2026-01-07 07:00:00,24677.12,44.84,1004.53,29.46
2026-01-07 09:00:00,24676.36,44.80,1005.54,32.56
2026-01-07 11:00:00,24677.71,44.89,1004.83,34.82
2026-01-07 13:00:00,24677.62,37.86,1003.09,38.36
2026-01-07 15:00:00,24677.70,34.70,1002.94,38.13
2026-01-07 17:00:00,24678.00,35.01,1004.02,38.56
2026-01-07 19:00:00,24678.00,37.07,1004.34,34.63
2026-01-07 21:00:00,24678.43,40.12,1005.27,32.67
2026-01-07 23:00:00,24677.24,45.55,1006.94,30.23
2026-01-08 01:00:00,24677.00,48.13,1007.63,29.05
2026-01-08 03:00:00,24677.25,49.95,1007.44,27.68
2026-01-08 05:00:00,24677.17,51.57,1007.98,26.24
2026-01-08 07:00:00,24676.82,52.66,1009.32,25.48
2026-01-08 09:00:00,24676.33,49.88,1009.79,27.33
2026-01-08 11:00:00,24676.00,46.81,1009.70,29.44
2026-01-08 13:00:00,24677.00,39.53,1008.04,34.01
2026-01-08 15:00:00,24679.00,37.16,1007.07,35.68
2026-01-08 17:00:00,24679.00,35.28,1006.05,36.20
2026-01-08 19:00:00,24678.33,38.54,1005.66,32.76
2026-01-08 21:00:00,24677.00,41.59,1006.32,30.68
2026-01-08 23:00:00,24677.00,43.62,1007.18,29.94
2026-01-09 01:00:00,24677.00,47.44,1006.52,27.99
2026-01-09 03:00:00,24677.00,50.40,1005.33,26.64
2026-01-09 05:00:00,24676.14,52.61,1004.92,26.18
2026-01-09 07:00:00,24676.20,53.88,1005.44,26.14
2026-01-09 09:00:00,24676.45,57.01,1005.34,25.58
2026-01-09 11:00:00,24676.43,59.36,1005.94,25.36
2026-01-09 13:00:00,24676.20,60.86,1004.88,25.59
2026-01-09 15:00:00,24676.20,61.66,1003.46,26.14
2026-01-09 17:00:00,24676.00,61.55,1001.75,27.09
2026-01-09 19:00:00,24676.00,61.50,1000.23,27.10
2026-01-09 21:00:00,24676.00,62.27,1001.29,26.34
2026-01-09 23:00:00,24676.00,63.75,1002.47,25.50
2026-01-10 01:00:00,24676.00,65.28,1002.11,25.12
2026-01-10 03:00:00,24675.00,65.61,1001.56,24.69
2026-01-10 05:00:00,24675.50,65.30,1001.07,24.11
2026-01-10 07:00:00,24676.00,65.29,1002.01,24.29
2026-01-10 09:00:00,24675.00,62.00,1003.38,26.43
2026-01-10 11:00:00,24675.70,58.48,1003.43,27.92
2026-01-10 13:00:00,24675.88,54.27,1003.29,29.10
2026-01-10 15:00:00,24676.11,50.21,1003.16,30.93
2026-01-10 17:00:00,24676.56,47.52,1001.88,31.34
2026-01-10 19:00:00,24677.00,49.12,1002.19,28.77
2026-01-10 21:00:00,24675.92,51.99,1003.30,26.41
2026-01-10 23:00:00,24676.00,52.94,1004.18,25.39
2026-01-11 01:00:00,24676.13,53.26,1004.09,24.83
2026-01-11 03:00:00,24676.11,54.97,1003.98,23.72
2026-01-11 05:00:00,24676.00,56.43,1004.50,23.03
2026-01-11 07:00:00,24675.78,57.18,1006.06,22.64
2026-01-11 09:00:00,24675.43,55.72,1006.41,24.49
2026-01-11 11:00:00,24675.36,49.51,1006.01,28.12
2026-01-11 13:00:00,24676.00,43.64,1005.38,31.64
2026-01-11 15:00:00,24677.00,34.91,1004.40,36.22
2026-01-11 17:00:00,24677.71,28.39,1003.76,39.16
2026-01-11 19:00:00,24679.00,28.72,1003.78,36.93
2026-01-11 21:00:00,24677.88,34.35,1004.45,33.38
2026-01-11 23:00:00,24677.00,40.23,1005.38,30.41
2026-01-12 01:00:00,24676.30,44.12,1005.23,29.09
2026-01-12 03:00:00,24676.93,47.26,1004.88,27.58
2026-01-12 05:00:00,24676.30,50.51,1005.28,26.25
2026-01-12 07:00:00,24676.22,51.47,1006.49,26.67
2026-01-12 09:00:00,24676.00,47.89,1006.83,29.83
2026-01-12 11:00:00,24676.50,38.30,1006.70,34.50
2026-01-12 13:00:00,24677.88,30.28,1005.74,39.12
2026-01-12 15:00:00,24679.00,24.98,1004.79,43.00
2026-01-12 17:00:00,24678.83,21.42,1003.75,45.20
2026-01-12 19:00:00,24679.25,22.79,1003.39,42.56
2026-01-12 21:00:00,24677.80,28.71,1004.29,36.80
2026-01-12 23:00:00,24677.25,31.78,1004.94,34.48
2026-01-13 01:00:00,24677.00,35.50,1004.94,31.76
2026-01-13 03:00:00,24677.00,41.66,1004.34,28.98
2026-01-13 05:00:00,24676.77,45.06,1004.59,28.08
2026-01-13 07:00:00,24676.90,47.08,1005.42,28.26
2026-01-13 09:00:00,24676.17,45.86,1006.06,30.92
2026-01-13 11:00:00,24676.67,39.96,1006.57,34.55
2026-01-13 13:00:00,24678.38,29.46,1005.66,40.10
2026-01-13 15:00:00,24678.90,24.70,1004.63,42.84
2026-01-13 17:00:00,24680.60,23.54,1003.72,44.29
2026-01-13 19:00:00,24679.82,24.54,1003.37,42.28
2026-01-13 21:00:00,24679.00,28.85,1004.42,38.17
2026-01-13 23:00:00,,35.80,1005.53,34.72
2026-01-14 01:00:00,,40.36,1005.17,32.75
2026-01-14 03:00:00,,43.79,1004.62,31.21
2026-01-14 05:00:00,,46.02,1005.30,30.17
2026-01-14 07:00:00,,47.57,1006.33,29.90
2026-01-14 09:00:00,,43.43,1006.75,33.16
2026-01-14 11:00:00,,36.63,1006.46,36.92
2026-01-14 13:00:00,,28.68,1005.20,40.69
2026-01-14 15:00:00,,25.41,1003.90,42.02
2026-01-14 17:00:00,,23.94,1002.22,43.47
2026-01-14 19:00:00,,27.18,1001.39,40.85
2026-01-14 21:00:00,,31.94,1001.40,37.91
2026-01-14 23:00:00,,35.97,1002.33,35.73
2026-01-15 01:00:00,,40.44,1002.34,33.41
2026-01-15 03:00:00,,43.21,1001.71,31.82
2026-01-15 05:00:00,,46.84,1002.14,30.72
2026-01-15 07:00:00,,47.58,1003.43,30.80
2026-01-15 09:00:00,,43.43,1004.38,33.97
2026-01-15 11:00:00,,38.42,1004.22,36.15
2026-01-15 13:00:00,,39.46,1004.01,35.26
2026-01-15 15:00:00,,45.64,1004.74,31.70
2026-01-15 17:00:00,,50.06,1004.57,29.75
2026-01-15 19:00:00,,55.58,1002.46,27.46
2026-01-15 21:00:00,,56.85,1003.60,27.45
2026-01-15 23:00:00,,58.17,1005.65,27.12
2026-01-16 01:00:00,,60.10,1004.82,26.88
2026-01-16 03:00:00,,60.95,1004.49,26.41
2026-01-16 05:00:00,,61.94,1005.99,26.08
2026-01-16 07:00:00,,62.94,1006.36,26.21
2026-01-16 09:00:00,,62.47,1007.98,27.36
2026-01-16 11:00:00,,59.29,1008.71,29.47
2026-01-16 13:00:00,,54.26,1008.17,31.95
2026-01-16 15:00:00,,50.31,1007.64,34.40
2026-01-16 17:00:00,,40.96,1005.99,38.44
2026-01-16 19:00:00,,38.74,1005.11,37.35
2026-01-16 21:00:00,,43.18,1005.09,34.15
2026-01-16 23:00:00,,48.37,1006.06,32.17
2026-01-17 01:00:00,,50.46,1005.65,31.01
2026-01-17 03:00:00,,52.66,1005.28,30.04
2026-01-17 05:00:00,,54.77,1005.43,29.31
2026-01-17 07:00:00,,56.00,1005.61,28.99
2026-01-17 09:00:00,,54.49,1005.46,30.90
2026-01-17 11:00:00,,48.94,1005.30,34.67
2026-01-17 13:00:00,,39.14,1004.37,39.00
2026-01-17 15:00:00,,32.94,1002.60,42.66
2026-01-17 17:00:00,,28.25,1000.66,45.03
2026-01-17 19:00:00,,29.04,1000.05,42.86
2026-01-17 21:00:00,,34.95,1000.84,38.92
2026-01-17 23:00:00,,38.49,1002.05,36.68
2026-01-18 01:00:00,,43.33,1002.53,34.52
2026-01-18 03:00:00,,46.55,1002.15,32.59
2026-01-18 05:00:00,,47.96,1002.45,30.97
2026-01-18 07:00:00,,48.73,1003.25,30.72
2026-01-18 09:00:00,,46.32,1003.86,33.58
2026-01-18 11:00:00,,41.62,1003.92,37.03
2026-01-18 13:00:00,,32.53,1003.92,41.99
2026-01-18 15:00:00,,27.19,1002.77,44.34
2026-01-18 17:00:00,,24.80,1001.89,44.75
2026-01-18 19:00:00,,31.24,1004.33,38.39
2026-01-18 21:00:00,,34.35,1006.96,35.30
2026-01-18 23:00:00,,37.29,1009.55,32.57
2026-01-19 01:00:00,,38.77,1010.80,29.20
2026-01-19 03:00:00,,38.22,1011.12,26.15
2026-01-19 05:00:00,,39.14,1011.51,24.53
2026-01-19 07:00:00,,39.67,1012.62,23.55
2026-01-19 09:00:00,,37.87,1013.73,25.31
2026-01-19 11:00:00,24675.45,33.83,1013.67,29.23
2026-01-19 13:00:00,24676.00,27.15,1012.70,33.64
2026-01-19 15:00:00,24676.65,21.53,1011.24,37.48
2026-01-19 17:00:00,24677.00,19.79,1009.78,39.48
2026-01-19 19:00:00,24680.88,20.77,1009.35,37.02
2026-01-19 21:00:00,24678.13,26.07,1009.95,32.33
2026-01-19 23:00:00,24677.00,31.13,1010.89,29.31
2026-01-20 01:00:00,24677.00,35.87,1010.88,26.54
2026-01-20 03:00:00,24677.00,39.33,1010.40,24.35
2026-01-20 05:00:00,24676.27,42.04,1010.88,23.03
2026-01-20 07:00:00,24676.00,43.76,1012.00,22.65
2026-01-20 09:00:00,24676.00,41.23,1012.61,25.73
2026-01-20 11:00:00,24676.00,33.41,1011.92,31.10
2026-01-20 13:00:00,24676.14,26.73,1010.85,35.25
2026-01-20 15:00:00,24677.14,22.36,1009.52,38.62
2026-01-20 17:00:00,24677.82,19.93,1007.93,40.90
2026-01-20 19:00:00,24680.93,20.77,1007.76,38.41
2026-01-20 21:00:00,24678.44,27.58,1008.74,32.22
2026-01-20 23:00:00,24677.31,31.46,1009.21,29.78
2026-01-21 01:00:00,24677.00,34.66,1009.08,27.34
2026-01-21 03:00:00,24677.00,37.81,1008.74,25.64
2026-01-21 05:00:00,24677.00,40.84,1009.23,23.84
2026-01-21 07:00:00,24677.00,42.81,1010.07,24.15
2026-01-21 09:00:00,24676.00,41.82,1010.67,26.77
2026-01-21 11:00:00,24676.42,33.95,1009.94,32.19
2026-01-21 13:00:00,24676.73,27.38,1009.29,35.91
2026-01-21 15:00:00,24677.20,21.99,1007.78,39.96
2026-01-21 17:00:00,24677.67,19.59,1006.50,41.91
2026-01-21 19:00:00,24681.50,19.98,1006.15,40.26
2026-01-21 21:00:00,24678.67,25.83,1006.36,34.09
2026-01-21 23:00:00,24678.00,31.47,1007.11,30.35
2026-01-22 01:00:00,24677.41,34.59,1007.42,28.51
2026-01-22 03:00:00,24677.75,38.16,1007.37,26.61
2026-01-22 05:00:00,24677.00,41.53,1007.96,25.26
2026-01-22 07:00:00,24677.00,44.52,1008.86,24.83
2026-01-22 09:00:00,24676.25,42.94,1009.00,27.85
2026-01-22 11:00:00,24676.45,38.66,1008.54,32.56
2026-01-22 13:00:00,24676.89,32.16,1007.46,37.56
2026-01-22 15:00:00,24677.79,26.46,1006.16,40.74
2026-01-22 17:00:00,24678.33,22.25,1005.01,44.01
2026-01-22 19:00:00,24680.43,21.35,1004.58,42.56
2026-01-22 21:00:00,24678.40,26.15,1005.24,37.48
2026-01-22 23:00:00,24678.33,31.50,1007.07,33.67
2026-01-23 01:00:00,24677.88,34.92,1007.47,32.20
2026-01-23 03:00:00,24677.00,39.16,1007.40,30.15
2026-01-23 05:00:00,24677.18,42.86,1007.90,28.39
2026-01-23 07:00:00,24677.38,45.00,1009.17,27.95
2026-01-23 09:00:00,24676.00,42.16,1009.71,31.07
2026-01-23 11:00:00,24676.92,37.99,1009.36,34.85
2026-01-23 13:00:00,24677.11,30.84,1008.38,39.64
2026-01-23 15:00:00,24679.86,23.74,1007.11,43.60
2026-01-23 17:00:00,24680.27,19.94,1005.79,45.99
2026-01-23 19:00:00,24682.56,20.50,1005.29,43.71
2026-01-23 21:00:00,24678.00,26.06,1005.94,38.40
2026-01-23 23:00:00,24677.73,30.36,1006.88,34.42
2026-01-24 01:00:00,24678.00,32.71,1007.22,32.19
2026-01-24 03:00:00,24677.17,36.00,1007.07,30.14
2026-01-24 05:00:00,24677.19,39.58,1007.54,28.17
2026-01-24 07:00:00,24677.88,43.09,1008.49,27.22
2026-01-24 09:00:00,24676.40,42.21,1009.23,29.56
2026-01-24 11:00:00,24677.25,38.57,1008.90,33.74
2026-01-24 13:00:00,24677.36,30.93,1007.60,39.54
2026-01-24 15:00:00,24679.64,22.64,1006.19,44.00
2026-01-24 17:00:00,24680.44,18.85,1005.05,46.24
2026-01-24 19:00:00,24679.70,19.63,1004.93,43.04
2026-01-24 21:00:00,24678.50,24.20,1005.90,38.84
2026-01-24 23:00:00,24678.25,29.87,1007.10,35.41
2026-01-25 01:00:00,24678.15,32.93,1007.36,33.71
2026-01-25 03:00:00,24677.38,36.67,1007.07,31.84
2026-01-25 05:00:00,24677.00,39.84,1006.89,30.39
2026-01-25 07:00:00,24677.82,42.02,1007.91,29.61
2026-01-25 09:00:00,24677.00,40.87,1008.64,31.78
2026-01-25 11:00:00,24677.46,35.11,1008.35,36.59
2026-01-25 13:00:00,24677.54,26.58,1007.28,41.02
2026-01-25 15:00:00,24681.33,20.54,1005.70,44.64
2026-01-25 17:00:00,24681.08,18.90,1004.62,45.80
2026-01-25 19:00:00,24679.91,22.48,1004.34,41.73
2026-01-25 21:00:00,24679.10,27.07,1004.93,38.26
2026-01-25 23:00:00,24678.00,31.22,1005.16,36.19
2026-01-26 01:00:00,24678.12,35.00,1004.68,33.89
2026-01-26 03:00:00,24678.00,37.82,1005.12,32.37
2026-01-26 05:00:00,24677.40,40.06,1005.32,30.86
2026-01-26 07:00:00,24677.50,40.35,1006.72,31.11
2026-01-26 09:00:00,24677.07,39.78,1007.33,33.24
2026-01-26 11:00:00,24677.67,35.50,1007.15,38.03
2026-01-26 13:00:00,24677.67,28.25,1006.36,41.72
2026-01-26 15:00:00,24680.83,20.17,1005.27,46.39
2026-01-26 17:00:00,24681.10,18.15,1004.75,47.32
2026-01-26 19:00:00,24680.75,20.89,1004.82,43.74
2026-01-26 21:00:00,24679.38,28.14,1005.62,39.41
2026-01-26 23:00:00,24677.75,33.64,1005.75,36.55
2026-01-27 01:00:00,24677.55,36.61,1006.08,34.93
2026-01-27 03:00:00,24678.00,39.54,1006.35,33.29
2026-01-27 05:00:00,24677.36,41.71,1006.81,31.95
2026-01-27 07:00:00,24677.00,42.85,1007.74,31.48
2026-01-27 09:00:00,24677.33,39.67,1007.84,35.14
2026-01-27 11:00:00,24677.55,34.29,1007.47,38.79
2026-01-27 13:00:00,24677.27,24.42,1006.47,44.16
2026-01-27 15:00:00,24680.43,20.11,1005.07,47.40
2026-01-27 17:00:00,24681.15,19.77,1003.77,47.24
2026-01-27 19:00:00,24681.56,24.62,1004.34,42.21
2026-01-27 21:00:00,24679.25,30.28,1005.89,38.68
2026-01-27 23:00:00,24678.00,33.81,1006.94,35.68
2026-01-28 01:00:00,24677.75,37.25,1006.59,34.61
2026-01-28 03:00:00,24677.83,40.42,1006.27,32.71
2026-01-28 05:00:00,24677.20,42.86,1006.04,31.50
2026-01-28 07:00:00,24677.10,44.66,1007.25,31.11
2026-01-28 09:00:00,24677.00,42.30,1008.24,33.71
2026-01-28 11:00:00,24678.19,38.54,1008.55,36.90
2026-01-28 13:00:00,24677.45,32.57,1007.49,41.36
2026-01-28 15:00:00,24678.00,26.74,1006.08,43.93
2026-01-28 17:00:00,24678.86,21.55,1004.83,45.79
2026-01-28 19:00:00,24680.57,21.83,1004.91,42.21
2026-01-28 21:00:00,24679.00,26.95,1005.68,38.97
2026-01-28 23:00:00,24678.00,30.51,1006.44,36.45
2026-01-29 01:00:00,24678.00,34.48,1006.03,34.20
2026-01-29 03:00:00,24678.00,37.09,1005.84,32.66
2026-01-29 05:00:00,24677.30,39.73,1005.71,31.20
2026-01-29 07:00:00,24677.75,43.21,1006.29,30.84
2026-01-29 09:00:00,24676.96,43.00,1006.71,33.79
2026-01-29 11:00:00,,38.07,1006.51,37.87
2026-01-29 13:00:00,24677.67,30.62,1005.58,41.88
2026-01-29 15:00:00,24678.92,22.32,1004.02,45.70
2026-01-29 17:00:00,24679.60,19.56,1002.57,46.90
2026-01-29 19:00:00,24682.21,19.56,1002.68,44.99
2026-01-29 21:00:00,24679.50,25.83,1004.19,39.71
2026-01-29 23:00:00,24677.46,30.43,1005.11,36.56
2026-01-30 01:00:00,24677.71,33.94,1004.96,34.37
2026-01-30 03:00:00,24677.80,37.69,1005.17,32.93
2026-01-30 05:00:00,24677.75,41.63,1005.86,31.21
2026-01-30 07:00:00,24677.22,43.83,1006.63,30.54
2026-01-30 09:00:00,24676.82,41.35,1007.11,33.63
2026-01-30 11:00:00,24677.50,34.18,1006.55,37.99
2026-01-30 13:00:00,24677.00,25.21,1005.05,43.38
2026-01-30 15:00:00,24678.00,21.10,1003.98,45.32
2026-01-30 17:00:00,24680.00,19.09,1002.35,45.91
2026-01-30 19:00:00,24680.40,19.46,1001.71,43.79
2026-01-30 21:00:00,24679.33,23.94,1002.44,38.68
2026-01-30 23:00:00,24678.00,28.61,1003.07,34.76
2026-01-31 01:00:00,24678.00,34.11,1003.31,32.34
2026-01-31 03:00:00,24677.70,38.76,1003.09,30.75
2026-01-31 05:00:00,24677.56,41.84,1003.28,29.47
2026-01-31 07:00:00,24677.00,43.98,1003.54,28.76
2026-01-31 09:00:00,24676.50,43.37,1004.23,31.09
2026-01-31 11:00:00,24677.73,38.96,1003.89,34.70
2026-02-01 01:59:00,24678.00,36.17,1000.10,31.57
2026-02-01 03:59:00,24677.78,39.25,999.50,29.56
2026-02-01 05:59:00,24677.00,42.13,1001.15,27.97
2026-02-01 07:59:00,24676.91,42.38,1001.85,29.42
2026-02-01 09:59:00,24676.85,38.35,1002.30,33.11
2026-02-01 11:59:00,24678.00,28.39,1001.79,38.45
2026-02-01 13:59:00,24678.00,21.76,1001.19,41.52
2026-02-01 15:59:00,24679.00,18.13,999.95,44.87
2026-02-01 17:59:00,24680.40,17.23,999.46,43.76
2026-02-01 19:59:00,24679.54,20.10,999.80,39.60
2026-02-01 21:59:00,24678.75,23.75,1000.68,36.42
2026-02-01 23:59:00,24678.00,28.17,1001.12,33.84
2026-02-02 01:59:00,24678.00,33.60,1000.76,31.65
2026-02-02 03:59:00,24678.00,37.26,1001.03,30.44
2026-02-02 05:59:00,24677.78,40.38,1001.82,29.42
2026-02-02 07:59:00,24677.00,41.49,1002.62,29.74
2026-02-02 09:59:00,24676.71,38.23,1002.68,32.74
2026-02-02 11:59:00,24677.73,30.74,1001.66,37.92
2026-02-02 13:59:00,24678.55,22.54,1000.30,42.74
2026-02-02 15:59:00,24679.22,19.58,998.64,44.42
2026-02-02 17:59:00,24680.08,17.37,997.69,45.76
2026-02-02 19:59:00,24680.00,22.52,998.26,39.73
2026-02-02 21:59:00,24679.09,26.00,998.89,37.48
2026-02-02 23:59:00,24678.00,30.93,999.24,34.98
2026-02-03 01:59:00,24678.00,33.63,999.22,33.52
2026-02-03 03:59:00,24678.00,35.05,999.26,32.03
2026-02-03 05:59:00,24677.82,37.98,1000.46,30.09
2026-02-03 07:59:00,24677.14,39.50,1001.97,31.33
2026-02-03 09:59:00,24677.56,37.01,1002.12,34.18
2026-02-03 11:59:00,24678.11,28.33,1001.29,39.51
2026-02-03 13:59:00,24678.22,22.24,999.85,43.89
2026-02-03 15:59:00,24679.81,18.47,998.57,47.08
2026-02-03 17:59:00,24680.58,16.65,998.25,47.58
2026-02-03 19:59:00,24680.62,19.77,999.23,42.53
2026-02-03 21:59:00,24679.67,23.11,1000.46,39.16
2026-02-03 23:59:00,24677.86,27.73,1001.01,36.51
2026-02-04 01:59:00,24678.00,31.61,1001.06,34.12
2026-02-04 03:59:00,24678.00,35.37,1001.04,32.13
2026-02-04 05:59:00,24678.00,38.32,1001.84,31.05
2026-02-04 07:59:00,24677.40,38.80,1002.86,32.44
2026-02-04 09:59:00,24677.92,35.53,1003.27,35.53
2026-02-04 11:59:00,24678.42,27.14,1003.31,40.87
2026-02-04 13:59:00,24679.25,19.48,1001.88,45.61
2026-02-04 15:59:00,24682.00,16.40,1000.77,48.13
2026-02-04 17:59:00,24681.44,15.12,1000.36,48.64
2026-02-04 19:59:00,24681.00,19.74,1001.00,43.03
2026-02-04 21:59:00,24680.00,23.72,1001.95,39.95
2026-02-04 23:59:00,24678.14,29.58,1002.26,37.04
2026-02-05 01:59:00,24678.00,32.97,1002.42,34.95
2026-02-05 03:59:00,24678.00,35.64,1002.62,33.22
2026-02-05 05:59:00,24678.00,37.12,1003.20,31.71
2026-02-05 07:59:00,24677.75,37.04,1004.19,32.42
2026-02-05 09:59:00,24677.80,33.84,1004.54,35.28
2026-02-05 11:59:00,24678.38,27.00,1003.81,41.54
2026-02-05 13:59:00,24680.00,19.10,1002.64,46.14
2026-02-05 15:59:00,24682.00,14.67,1001.53,49.11
2026-02-05 17:59:00,24681.64,13.18,1001.01,50.01
2026-02-05 19:59:00,24681.23,17.61,1001.43,42.93
2026-02-05 21:59:00,24680.46,20.58,1002.26,40.13
2026-02-05 23:59:00,24678.15,27.91,1003.01,37.11
2026-02-06 01:59:00,24678.00,31.19,1003.14,35.08
2026-02-06 03:59:00,24678.00,35.43,1002.93,32.88
2026-02-06 05:59:00,24678.00,38.21,1004.42,31.71
2026-02-06 07:59:00,24677.40,39.66,1005.59,32.38
2026-02-06 09:59:00,24677.83,37.00,1006.15,35.57
2026-02-06 11:59:00,24678.67,32.69,1006.15,38.90
2026-02-06 13:59:00,24678.00,28.06,1004.84,41.77
2026-02-06 15:59:00,24679.00,23.65,1003.91,44.57
2026-02-06 17:59:00,24679.00,23.59,1003.92,42.11
2026-02-06 19:59:00,24678.62,26.71,1004.56,39.00
2026-02-06 21:59:00,24677.54,31.41,1005.71,35.87
2026-02-06 23:59:00,24678.00,33.94,1006.48,34.21
2026-02-07 01:59:00,24678.00,39.18,1006.70,32.80
2026-02-07 03:59:00,24677.78,41.99,1007.08,31.77
2026-02-07 05:59:00,24677.22,46.76,1008.02,29.77
2026-02-07 07:59:00,24677.00,48.25,1009.57,29.69
2026-02-07 09:59:00,24677.25,43.98,1010.01,32.43
2026-02-07 11:59:00,24678.14,35.06,1008.89,36.60
2026-02-07 13:59:00,24678.78,23.96,1007.42,41.47
2026-02-07 15:59:00,24679.36,19.01,1005.80,44.42
2026-02-07 17:59:00,24679.93,16.06,1005.12,45.21
2026-02-07 19:59:00,24679.33,18.16,1005.76,38.59
2026-02-07 21:59:00,24678.40,20.92,1007.13,34.90
2026-02-07 23:59:00,24678.27,24.28,1007.77,32.26
2026-02-08 01:59:00,24678.00,27.06,1007.40,29.83
2026-02-08 03:59:00,24677.00,33.85,1007.52,27.88
2026-02-08 05:59:00,24677.00,39.19,1008.32,26.53
2026-02-08 07:59:00,24677.00,40.55,1009.25,27.74
2026-02-08 09:59:00,24676.54,36.41,1009.26,31.01
2026-02-08 11:59:00,24678.27,27.42,1008.16,36.07
2026-02-08 13:59:00,24679.27,19.55,1006.37,40.64
2026-02-08 15:59:00,24679.40,15.56,1004.83,44.03
2026-02-08 17:59:00,24680.45,13.52,1003.51,45.03
2026-02-08 19:59:00,24679.50,16.56,1004.11,37.60
2026-02-08 21:59:00,24678.33,19.40,1004.68,34.40
2026-02-08 23:59:00,24678.50,22.29,1004.50,32.34
2026-02-09 01:59:00,24678.14,27.15,1003.98,29.97
2026-02-09 03:59:00,24677.00,33.19,1004.02,27.99
2026-02-09 05:59:00,24677.00,38.35,1004.12,26.55
2026-02-09 07:59:00,24677.00,39.75,1004.75,27.88
2026-02-09 09:59:00,24676.33,37.77,1004.67,31.13
2026-02-09 11:59:00,24678.14,31.82,1003.61,36.49
2026-02-09 13:59:00,24678.89,22.65,1001.52,41.61
2026-02-09 15:59:00,24679.70,19.62,1000.52,43.63
2026-02-09 17:59:00,24680.00,20.88,1000.77,41.56
2026-02-09 19:59:00,24680.00,24.62,1001.13,38.97
2026-02-09 21:59:00,24678.50,25.21,1002.74,36.41
2026-02-09 23:59:00,24678.00,29.03,1003.25,33.77
2026-02-10 01:59:00,24678.56,34.59,1002.94,31.13
2026-02-10 03:59:00,24677.62,38.17,1002.18,29.65
2026-02-10 05:59:00,24677.00,41.35,1002.45,28.18
2026-02-10 07:59:00,24676.91,39.98,1003.30,29.32
2026-02-10 09:59:00,24676.87,35.90,1003.43,32.83
2026-02-10 11:59:00,24678.12,28.88,1002.45,38.24
2026-02-10 13:59:00,24679.00,22.92,1001.08,43.07
2026-02-10 15:59:00,24679.67,20.05,999.48,45.10
2026-02-10 17:59:00,24680.54,19.36,998.69,46.03
2026-02-10 19:59:00,24679.60,24.09,998.85,41.54
2026-02-10 21:59:00,24679.00,29.09,999.45,38.74
2026-02-10 23:59:00,24677.89,33.74,999.66,35.88
2026-02-11 01:59:00,24678.00,36.75,999.14,34.10
2026-02-11 03:59:00,24678.55,42.01,999.74,32.21
2026-02-11 05:59:00,24677.44,44.68,1000.89,30.92
2026-02-11 07:59:00,24677.00,45.74,1002.79,32.34
2026-02-11 09:59:00,24677.50,42.06,1003.65,35.97
2026-02-11 11:59:00,24678.00,36.04,1002.85,39.51
2026-02-11 13:59:00,24678.75,34.42,1002.14,39.81
2026-02-11 15:59:00,24679.33,28.62,1000.64,44.84
2026-02-11 17:59:00,24679.40,25.30,1000.01,44.49
2026-02-11 19:59:00,24679.62,29.84,1000.76,41.09
2026-02-11 21:59:00,24679.12,34.63,1001.82,38.49
2026-02-11 23:59:00,24677.67,38.41,1002.04,36.21
2026-02-12 01:59:00,24677.78,40.73,1001.29,34.88
2026-02-12 03:59:00,24678.00,43.27,1000.23,33.32
2026-02-12 05:59:00,24677.75,46.74,999.92,31.99
2026-02-12 07:59:00,24677.00,47.55,1001.33,32.43
2026-02-12 09:59:00,24676.70,48.25,1003.31,31.23
2026-02-12 11:59:00,24677.00,53.63,1005.92,26.72
2026-02-12 13:59:00,24676.83,54.82,1005.70,26.81
2026-02-12 17:59:00,,,,
2026-02-12 19:59:00,24676.00,60.32,1005.85,24.88
2026-02-12 21:59:00,24676.50,62.16,1006.82,24.79
2026-02-12 23:59:00,24677.00,62.67,1008.14,25.10
2026-02-13 01:59:00,24676.50,63.01,1008.44,24.83
2026-02-13 03:59:00,24676.00,63.07,1008.28,24.78
2026-02-13 05:59:00,24676.00,63.16,1008.90,24.32
2026-02-13 07:59:00,24675.50,62.95,1011.52,24.93
2026-02-13 09:59:00,24676.29,60.69,1012.06,27.58
2026-02-13 11:59:00,24676.00,54.55,1012.50,30.48
2026-02-13 13:59:00,24676.00,49.70,1011.59,32.11
2026-02-13 15:59:00,24676.20,45.86,1010.02,33.32
2026-02-13 17:59:00,24677.00,42.94,1008.94,33.40
2026-02-13 19:59:00,24677.00,42.74,1009.24,31.21
2026-02-13 21:59:00,24677.00,43.83,1010.18,29.95
2026-02-13 23:59:00,24676.43,46.30,1011.13,28.97
2026-02-14 01:59:00,,50.17,1010.78,27.49
2026-02-14 03:59:00,24676.00,51.85,1010.29,26.75
2026-02-14 05:59:00,24677.00,54.03,1010.59,25.76
2026-02-14 07:59:00,24676.00,53.77,1011.36,26.45
2026-02-14 09:59:00,24676.07,51.04,1011.39,28.93
2026-02-14 11:59:00,24676.57,43.20,1010.09,34.68
2026-02-14 13:59:00,24677.67,39.12,1008.56,37.34
2026-02-14 15:59:00,24678.12,33.57,1006.72,40.67
2026-02-14 17:59:00,24678.69,30.87,1005.92,41.38
2026-02-14 19:59:00,24679.00,35.89,1005.92,35.74
2026-02-14 21:59:00,24678.92,40.35,1006.56,33.06
2026-02-14 23:59:00,24677.00,45.12,1006.55,30.69
2026-02-15 01:59:00,24676.70,47.54,1006.31,29.61
2026-02-15 03:59:00,24677.00,50.35,1005.38,28.31
2026-02-15 05:59:00,24677.00,52.22,1005.86,27.65
2026-02-15 07:59:00,24676.15,53.06,1006.63,28.13
2026-02-15 09:59:00,24676.36,50.39,1006.39,31.83
2026-02-15 11:59:00,24676.93,46.49,1005.50,35.37
2026-02-15 13:59:00,24677.57,38.58,1004.09,40.44
2026-02-15 15:59:00,24678.50,33.10,1002.82,43.06
2026-02-15 17:59:00,24678.38,32.23,1002.35,42.73
2026-02-15 19:59:00,24678.00,36.90,1002.91,37.99
2026-02-15 21:59:00,24678.00,40.12,1004.19,35.83
2026-02-15 23:59:00,24676.64,45.36,1007.06,29.30
2026-02-16 01:59:00,24677.00,48.46,1007.32,27.75
2026-02-16 03:59:00,24677.00,52.32,1004.27,26.52
2026-02-16 05:59:00,24677.00,53.38,1005.79,26.38
2026-02-16 07:59:00,24676.22,53.17,1007.42,27.34
2026-02-16 09:59:00,24676.00,50.61,1007.72,30.38
2026-02-16 11:59:00,24676.36,46.29,1006.85,34.48
2026-02-16 13:59:00,24677.42,38.47,1004.96,39.33
2026-02-16 15:59:00,24678.50,38.68,1004.98,37.77
2026-02-16 17:59:00,24678.60,44.91,1004.84,35.16
2026-02-16 19:59:00,24678.00,47.65,1005.06,33.15
2026-02-16 21:59:00,24677.33,51.57,1006.37,31.69
2026-02-16 23:59:00,24677.07,53.53,1006.35,31.30
2026-02-17 01:59:00,24676.50,55.82,1004.74,29.73
2026-02-17 03:59:00,24676.00,57.06,1004.41,29.05
2026-02-17 05:59:00,24676.44,57.73,1004.68,28.62
2026-02-17 07:59:00,24676.39,59.82,1006.70,28.30
2026-02-17 09:59:00,24676.00,61.14,1007.56,27.93
2026-02-17 11:59:00,24676.00,61.92,1007.89,27.84
2026-02-17 13:59:00,24675.88,58.30,1006.62,31.78
2026-02-17 15:59:00,24676.86,46.21,1004.77,38.71
2026-02-17 17:59:00,24678.00,38.21,1003.78,41.55
2026-02-17 19:59:00,,42.38,1003.87,36.25
2026-02-17 21:59:00,24677.50,45.82,1004.63,34.57
2026-02-17 23:59:00,,48.90,1005.00,33.03
2026-02-18 01:59:00,24677.00,52.92,1004.55,31.30
2026-02-18 03:59:00,24676.42,54.97,1004.48,30.53
2026-02-18 05:59:00,24676.00,56.48,1005.43,29.72
2026-02-18 07:59:00,24676.00,56.65,1006.36,30.64
2026-02-18 09:59:00,24676.00,50.89,1006.33,34.71
2026-02-18 11:59:00,24677.00,49.00,1006.08,35.80
2026-02-18 13:59:00,24677.88,38.88,1004.19,40.90
2026-02-18 15:59:00,24678.29,33.97,1003.02,44.25
2026-02-18 17:59:00,24678.58,30.04,1001.82,46.65
2026-02-18 19:59:00,24677.50,35.68,1001.36,40.02
2026-02-18 21:59:00,24677.00,42.17,1002.17,36.55
2026-02-18 23:59:00,24677.00,45.30,1002.38,35.16
2026-02-19 01:59:00,24677.00,47.20,1002.28,34.30
2026-02-19 03:59:00,24677.00,50.98,1000.72,32.08
2026-02-19 05:59:00,24676.00,54.82,1001.24,30.66
2026-02-19 07:59:00,24676.00,57.96,1002.27,28.27
2026-02-19 09:59:00,24676.56,58.63,1002.69,27.24
2026-02-19 11:59:00,24676.88,59.65,1004.73,25.97
2026-02-19 13:59:00,,61.42,1004.46,25.59
2026-02-19 15:59:00,,62.67,1002.05,25.74
2026-02-19 17:59:00,,59.60,1002.46,29.03
2026-02-19 19:59:00,,59.82,1003.98,26.93
2026-02-19 21:59:00,,62.26,1005.64,26.16
2026-02-19 23:59:00,,63.44,1006.46,25.71
2026-02-20 01:59:00,,64.31,1006.10,25.18
2026-02-20 03:59:00,,64.76,1006.48,24.61
2026-02-20 05:59:00,,65.13,1007.13,23.97
2026-02-20 07:59:00,,64.52,1007.90,25.04
2026-02-20 09:59:00,,60.88,1007.89,27.90
2026-02-20 11:59:00,,50.28,1007.10,33.49
2026-02-20 13:59:00,,38.90,1006.62,38.26
2026-02-20 15:59:00,,31.52,1005.82,41.55
2026-02-20 17:59:00,,26.99,1005.29,43.65
2026-02-20 19:59:00,,32.53,1005.74,36.09
2026-02-20 21:59:00,,39.19,1007.42,32.22
2026-02-20 23:59:00,,41.74,1007.76,30.58
2026-02-21 01:59:00,,44.99,1007.92,28.93
2026-02-21 03:59:00,,48.58,1008.01,27.64
2026-02-21 05:59:00,,51.21,1008.67,26.74
2026-02-21 07:59:00,,52.21,1009.80,27.27
2026-02-21 09:59:00,,48.44,1010.13,30.85
2026-02-21 11:59:00,,39.24,1009.06,36.02
2026-02-21 13:59:00,,30.51,1007.57,40.41
2026-02-21 15:59:00,,27.81,1006.69,42.02
2026-02-21 17:59:00,,25.64,1005.69,42.04
2026-02-21 19:59:00,,30.34,1006.05,36.38
2026-02-21 21:59:00,,36.59,1007.38,32.97
2026-02-21 23:59:00,,40.42,1008.12,31.12
2026-02-22 01:59:00,,44.08,1008.02,29.80
2026-02-22 03:59:00,,47.68,1007.59,28.47
2026-02-22 05:59:00,,50.18,1007.81,27.29
2026-02-22 07:59:00,,49.77,1008.30,27.73
2026-02-22 09:59:00,,47.00,1007.99,30.45
2026-02-22 11:59:00,,39.49,1006.68,36.49
2026-02-22 13:59:00,,34.24,1005.58,40.33
2026-02-22 15:59:00,,31.37,1003.97,42.02
2026-02-22 17:59:00,,29.82,1003.02,41.90
2026-02-22 19:59:00,,34.80,1003.14,37.48
2026-02-22 21:59:00,,39.24,1003.97,34.51
2026-02-22 23:59:00,,42.30,1004.54,32.86
2026-02-23 01:59:00,,44.38,1004.08,31.66
2026-02-23 03:59:00,,44.85,1003.73,30.34
2026-02-23 05:59:00,,46.31,1003.56,29.26
2026-02-23 07:59:00,,47.80,1004.11,29.26
2026-02-23 09:59:00,,45.78,1003.98,32.15
2026-02-23 11:59:00,,41.44,1003.44,36.56
2026-02-23 13:59:00,,35.67,1001.72,40.72
2026-02-23 15:59:00,,30.45,999.53,44.34
2026-02-23 17:59:00,,25.27,998.81,47.38
2026-02-23 19:59:00,,33.47,999.98,37.95
2026-02-23 21:59:00,,41.72,1001.42,33.01
2026-02-23 23:59:00,,45.68,1000.98,30.92
2026-02-24 01:59:00,,48.89,1000.54,29.82
2026-02-24 03:59:00,,51.53,999.93,28.97
2026-02-24 05:59:00,,53.34,1000.42,28.73
2026-02-24 07:59:00,,53.88,1001.56,29.31
2026-02-24 09:59:00,,50.87,1002.12,32.12
2026-02-24 11:59:00,,42.90,1001.55,37.17
2026-02-24 13:59:00,,35.47,1000.56,40.99
2026-02-24 15:59:00,,28.44,999.10,43.33
2026-02-24 17:59:00,,36.04,999.30,37.83
2026-02-24 19:59:00,,,,
2026-02-24 21:59:00,,45.62,1001.47,33.48
2026-02-24 23:59:00,,49.03,1002.49,32.38
2026-02-25 01:59:00,,50.73,1002.47,30.85
2026-02-25 03:59:00,,,,
2026-02-25 05:59:00,,53.20,1003.42,28.89
2026-02-25 07:59:00,,52.48,1005.55,29.21
2026-02-25 09:59:00,,51.81,1006.44,29.73
2026-02-25 11:59:00,,47.66,1006.40,32.27
2026-02-25 13:59:00,,44.07,1006.08,33.37
2026-02-25 15:59:00,,38.88,1005.08,36.79
2026-02-25 17:59:00,,31.84,1004.12,39.48
2026-02-25 19:59:00,,35.38,1004.22,33.41
2026-02-25 21:59:00,,,,
2026-02-25 23:59:00,,,,
2026-02-26 01:59:00,,43.50,1004.67,24.99
2026-02-26 03:59:00,,44.35,1004.89,24.29
2026-02-26 05:59:00,,47.95,1005.99,22.45
2026-02-26 07:59:00,,49.50,1007.27,23.79
2026-02-26 09:59:00,,46.88,1007.67,26.84
2026-02-26 11:59:00,,39.92,1006.92,32.27
2026-02-26 13:59:00,,31.99,1005.25,36.86
2026-02-26 15:59:00,,25.52,1003.58,40.84
2026-02-26 17:59:00,,21.40,1003.34,42.69
2026-02-26 19:59:00,,28.66,1004.29,34.06
2026-02-26 21:59:00,,33.66,1005.55,31.16
2026-02-26 23:59:00,,37.72,1005.99,28.57
2026-02-27 01:59:00,,41.16,1005.13,26.55
2026-02-27 03:59:00,,42.71,1004.45,25.45
2026-02-27 05:59:00,,43.70,1006.17,24.66
2026-02-27 07:59:00,,43.79,1007.46,25.47
2026-02-27 09:59:00,,41.88,1007.74,27.95
2026-02-27 11:59:00,,35.75,1007.32,32.47
2026-02-27 13:59:00,,28.77,1006.25,36.87
2026-02-27 15:59:00,,24.98,1005.14,39.78
2026-02-27 17:59:00,,22.10,1004.34,38.14
2026-02-27 19:59:00,,26.42,1004.72,34.80
2026-02-27 21:59:00,,31.61,1005.61,31.73
2026-02-27 23:29:30,,33.96,1005.62,29.93
